paperId,fieldName
14bb7289a39918bc7f0511d1a1f711ce18ee0496,Engineering
311e8edb636278d4b8c8d03010b56cc53f8b2a05,Environmental Science
c16832dde0ab4a91e54649053d211591c71aea94,Engineering
33c834f48f7ef89f275833a7af45c6c6a6747b81,Physics
33c834f48f7ef89f275833a7af45c6c6a6747b81,Computer Science
6e54db2c2e22a07bb6c8ca0c9c492eb5a98d33f0,Chemistry
6e54db2c2e22a07bb6c8ca0c9c492eb5a98d33f0,Medicine
dfafa54415164d92d671e078c45d94a6ded7d560,Mathematics
3f74f6417111a26b295797b44db7800e74e67dd7,Chemistry
3f74f6417111a26b295797b44db7800e74e67dd7,Medicine
31276d9155c9136574fa9100396f968375d2845f,Chemistry
31276d9155c9136574fa9100396f968375d2845f,Medicine
2e09243ca57bc5af34c49f45c7f71d69d9f6f44e,Medicine
2e09243ca57bc5af34c49f45c7f71d69d9f6f44e,Computer Science
b12f84361189629226ec1fa9e5b254a5001cbbf8,Environmental Science
21a8aaceb8984952950f3ebdd4bfd445813419c8,Mathematics
21a8aaceb8984952950f3ebdd4bfd445813419c8,Computer Science
e420a488d20c5ad75ac5230fd3ccc3c0b790ecd3,Economics
f4b1453fb86b04d841b68dfe963d134b3a7c1f74,Computer Science
f4b1453fb86b04d841b68dfe963d134b3a7c1f74,Engineering
f9ede7ff67003ef1de06ea1ccb8eac9c7d3041fb,Computer Science
337efcb12edaf1b8902e86f2604f32639cebb640,Engineering
1d45e60e1b1b30adfe891ffedec90e08c8d4ceeb,Medicine
1d45e60e1b1b30adfe891ffedec90e08c8d4ceeb,Chemistry
d66e5b6d43dd4747215e2c1e53cc7aae39d00968,Psychology
d66e5b6d43dd4747215e2c1e53cc7aae39d00968,Geography
166355519196388bfc13099f98a5528bcd040845,Computer Science
1f407ba997265fdd0d72432dcf8b5d39ad5f0540,Biology
75694d502121ee88697393bb569aa1b19fc4c3f7,Engineering
75694d502121ee88697393bb569aa1b19fc4c3f7,Computer Science
4fe870ebf208907f0e04adba27070a1831a50158,Computer Science
e3465de8b10e06d3a80ddd72b53672976c78242d,Computer Science
04a3d9cab65a560fd167df4d8490e64bcc7b1fd7,Environmental Science
04a3d9cab65a560fd167df4d8490e64bcc7b1fd7,Geography
3192a8b66ebd90c071185fd9088900d4d9de421e,Chemistry
3192a8b66ebd90c071185fd9088900d4d9de421e,Medicine
6b55cd861b4b530debfbea28245fc1d0ac40e2b8,Engineering
77ac755b931750bdfb2d2e72117d32e731493ca8,Engineering
ef29da536f99361354f09a368671d52e76177817,Chemistry
ef29da536f99361354f09a368671d52e76177817,Medicine
d8050b68f44c65bb1bc2d4fee3f3ba2bad0d83e4,Engineering
24c51ca58d5d938eb3b0c08e2c557bdef506c86f,Computer Science
24c51ca58d5d938eb3b0c08e2c557bdef506c86f,Medicine
7de4bad1413b436c5058818735295113c59032ca,Computer Science
6520bc58c70d099f8f9098c2903fd336c38ba1e9,Computer Science
cfee8c731f5413121c11ba20979b477ed531e981,Biology
f96442ceed8dd7169f029dc5ad38e5222b38a294,Geography
ff530b5a3c667e757445e57839192edceb33fc2b,Chemistry
ff530b5a3c667e757445e57839192edceb33fc2b,Medicine
b1f3eae1daaaef1124a0835a26fdd80f38fb176a,Computer Science
8e5990e4161188465917a4a6cadb110167c6796e,Computer Science
c4536cd21000fb527bf4e1ed8b6fb5ad99783c81,Engineering
da8183138a3234eb9c208c64218f6dbfee528b3a,Engineering
b1aed7f8730e821670db57b76f9e9f5a7344cf66,Computer Science
7d6bf25d28a60a9b37fc88db3188890ed4270845,Computer Science
7d6bf25d28a60a9b37fc88db3188890ed4270845,Mathematics
dd7a5f4e5a5d54f709effd760c6557367a57358e,Computer Science
5fa35923a47cc6e7f97a03452a4ef0161a70a7ff,Geography
30b9a2e417ed46027eb3059c6cb67a8a0f738929,Computer Science
13974c88a0c4d055f78897bdbbf9cc54f89ea046,Computer Science
fa54993764a5a6428bb5f5c0c823440439c492e2,Political Science
80b515b0f7eacc949894db3c12864520870f2082,Computer Science
e852df32398cc47d8edba678b123dc09f994d813,Computer Science
941c5efefdcd90125296387d91b09d14d83b11b0,Computer Science
a3408d2ec113c88aba76b4f70657c22aee47891e,Computer Science
a3408d2ec113c88aba76b4f70657c22aee47891e,Geology
5ad3993b2b56f10931e55bd2394931204e568b44,Geography
8ee0e5ee0e9b3be02d8619813e3d7221455ff35e,Environmental Science
8ee0e5ee0e9b3be02d8619813e3d7221455ff35e,Medicine
a8752c484834395b408157260ceb68973de11591,Business
a8752c484834395b408157260ceb68973de11591,Medicine
2fec5a0838e0443d6a1c872a081089008297be43,Geography
fd088e2d6aa5b8f407c06c1bd1e235c7cc539657,Environmental Science
613dbd1b87286989b53aabd59a1f4dbbc0d90d1c,Computer Science
483944100d0c661b53a027f421ccbb5f1d6996d8,Computer Science
886e78bd385c47159f940653c69d61d81a437610,Business
886e78bd385c47159f940653c69d61d81a437610,Environmental Science
bfbfbccb9f00f3653aee661fca800eaa3efaf62b,Environmental Science
062fab632a5086837fdafa87db1ffe541dfc0704,Materials Science
b0ad487d18037ff5873a6d5e0605ec237e0262ae,Engineering
5ce3d9cdc1aeb20f73ffdadea92fd227eef2354b,Environmental Science
5ce3d9cdc1aeb20f73ffdadea92fd227eef2354b,Computer Science
530bfa5b82430cade992d14ec91b6d2be9ca7658,Computer Science
30e631dc284a0bf6d923cdd0674d768ff38c68ca,Biology
30e631dc284a0bf6d923cdd0674d768ff38c68ca,Medicine
4f75648de8d035f588f4e69effdc8e01466ae9cb,Chemistry
5bbf749a87786b368fbcce32a901745f42fe66c4,Environmental Science
5bbf749a87786b368fbcce32a901745f42fe66c4,Medicine
e3f1b34c344e62fa74e258953a49c1f300b2121f,Mathematics
e3f1b34c344e62fa74e258953a49c1f300b2121f,Medicine
c84f0c84365d24544c17afe29b0c06ab15a1dc2e,Computer Science
d874fa8ad1f95a036ba6c27dd4aa872951a6963d,Computer Science
d874fa8ad1f95a036ba6c27dd4aa872951a6963d,Geology
cfc96d2a4b1d452223b7503b13f466f91370df38,Engineering
b4462cfb78a2a1bc558de3617a9ced205b2e83b7,Computer Science
1db5beec8564fbb2498f3d7b02a0e6b96ef46af3,Environmental Science
9faa39010bd3fd7076cf638aad03a7e6704e0d57,Computer Science
9faa39010bd3fd7076cf638aad03a7e6704e0d57,Environmental Science
9faa39010bd3fd7076cf638aad03a7e6704e0d57,Medicine
818def56e38a2a7704989f31d1fb29239c6499bc,Computer Science
d8d0b64fa1d9bc1e1fe6bf6696a898a2cca5f9b9,Engineering
90234b1e12afa18be5dc295a2bbfdf929fda8742,Environmental Science
90234b1e12afa18be5dc295a2bbfdf929fda8742,Computer Science
ee3e29976b238a62f57b37e28d81b9fb47b0357d,Computer Science
3d14b973d89ef867849762e999061b4957a4ed1d,Computer Science
c9ecaa1bb32da31e34b0384ef7be25f25a5ddaf9,Computer Science
0e8893335b006e14e23108ebe59d445190a7ffbd,Computer Science
7abb1bcd9ae988e6f3ea04b0ffae52aba538ed09,Computer Science
8451751ca07fc76839aa937770835eac1b8b2d94,Computer Science
9aff1223371e8b58b8b863460ba770b8c8da72dc,Computer Science
7b7b9dee49a34fb6a84af2d154f3b6a5be9e7d0c,Environmental Science
5cc754acb9f4439cd7fad590b0021ae49178107b,Engineering
5cc754acb9f4439cd7fad590b0021ae49178107b,Computer Science
5cc754acb9f4439cd7fad590b0021ae49178107b,Medicine
06ed0fa29bd9ca9cde84e4a32b117d5d21866a3a,Environmental Science
06ed0fa29bd9ca9cde84e4a32b117d5d21866a3a,Computer Science
12c797dbe4c9e4db1b7b87646fbbe1be878e1e52,Computer Science
250eea49528febdbb7a13cd3c82efe4db600cd4d,Mathematics
250eea49528febdbb7a13cd3c82efe4db600cd4d,Computer Science
43a6a0a086c3806ef46186cf218ece00818e1f3e,Computer Science
943a6c403d7b8dbbf86d6d8d1fbec90f4c005903,Business
943a6c403d7b8dbbf86d6d8d1fbec90f4c005903,Computer Science
af4057e3cef861e65a85daaf525bf42e3d76ba7e,Computer Science
af4057e3cef861e65a85daaf525bf42e3d76ba7e,Environmental Science
b097a975bfeb4a94b3f0efb3f2c61fed5a196b5c,Computer Science
b097a975bfeb4a94b3f0efb3f2c61fed5a196b5c,Environmental Science
da0148e69c1072133dbac7000c7b415b6e86789d,Computer Science
36dc29a6feb123b80535fba1201d9a890f418177,Computer Science
3cb84597454d27c0f31861598cc516063ccacd35,Engineering
49204a9dc198a10fe87b4ce3ba2267b8d6884e27,Engineering
890005c93a7bdcba04b074681d4347eeba5ac93e,Biology
890005c93a7bdcba04b074681d4347eeba5ac93e,Medicine
c39008aa2e74df26fb60b0c63eff55cbc870d836,Computer Science
fb64c7d1d593b6ccf0f227e43acf373b383b11d7,Environmental Science
67ea0bf7e44baeed5ed61cf312e72da85935e6df,Engineering
6abfe4c6cc25244f7d2df5c8247ddcf61d9fe05b,Computer Science
6abfe4c6cc25244f7d2df5c8247ddcf61d9fe05b,Medicine
6abfe4c6cc25244f7d2df5c8247ddcf61d9fe05b,Chemistry
e221e70ed88f31279f463d4cdb50f77076b08828,Computer Science
e221e70ed88f31279f463d4cdb50f77076b08828,Medicine
015bf5433166c643e3d51e41f929bbd4f2164aec,Biology
015bf5433166c643e3d51e41f929bbd4f2164aec,Medicine
c5d81d051b027e17688f07dd9662d9b116876717,Computer Science
3dbff7d2d27ad6911957457213d5cb81e0cb0bd8,Computer Science
4070e1bed00d1178d6909dfb2a0aa2df537db5ad,Environmental Science
59bfbd40d8b5a1cad19bda4aa330e57bc2db4333,Biology
61b643a68343c15e1fe285a86559e0edc94724fe,Computer Science
677b80e91168d446a8f1261820aedb74fe2f6832,Engineering
677b80e91168d446a8f1261820aedb74fe2f6832,Computer Science
f1e531227339a0c654398ba87417d0cb659c56f9,Environmental Science
f1e531227339a0c654398ba87417d0cb659c56f9,Medicine
24682465bd6eb9e54e97ed2eadc65839017e8537,Engineering
72a9478b083f254c7318e600e47be3acab2d4455,Engineering
f1e9a4885b372f6de201ac2d891e67318380d8d9,Engineering
d7955481d3c572cae097232902d25370c66f2d89,Computer Science
97181d29b88425ae75bafe133030e7e6394180f1,Computer Science
3c52a630538c1b0a48a7dd19c004c42c9cbf26c7,Medicine
3c52a630538c1b0a48a7dd19c004c42c9cbf26c7,Biology
32dc0d2211051e69bbbcf3a5e1e8fd6db51396ab,Engineering
7ce050547d983202f64cac0f7280831383507a07,Engineering
036290f2fb7a48aa687be577a757488d5109c474,Geography
d14f461c77832a0e89de7d508eb7195d46387cc5,Business
3398927ec01c5a4e7a960828dffd655a817b1406,Chemistry
3398927ec01c5a4e7a960828dffd655a817b1406,Medicine
63ec3bd7a316868f729e3000f9b9ddef759a14a5,Computer Science
63ec3bd7a316868f729e3000f9b9ddef759a14a5,Medicine
ae3bc4eab688c965ad9b3a375d2ce7e2400a87ce,Computer Science
ae3bc4eab688c965ad9b3a375d2ce7e2400a87ce,Mathematics
11925cceb8376c88590549c53428caeba614ecc3,Chemistry
11925cceb8376c88590549c53428caeba614ecc3,Medicine
638135791e7e80c2332e22bf09fbcb005b2f773a,Mathematics
638135791e7e80c2332e22bf09fbcb005b2f773a,Medicine
7da8a6a359f4a19dceb2c0df1fb3d34f9e3eb02f,Business
9611d3388e72834af3607d7909dde989eca39863,Medicine
7040fc8cda9442cbb1556759a8a2cf7a2cc063fb,Computer Science
4f16cafafb08d7b785ce796cab04e61e5e114b97,Biology
a47228d260be8615de4f9479af8230d349f5c7bc,Engineering
fbaf054b2bc9eddcb20dbf8cd4a8a79c4903273b,Engineering
fbaf054b2bc9eddcb20dbf8cd4a8a79c4903273b,Computer Science
3048e47601aba459a2cea6339c88541b982fc31e,Computer Science
97e1e3fd8b0554c65f7d2c04d11fb6d2a2f228d5,Business
98062fe07a699a73810facd9e55f7f923291ef3a,Mathematics
98062fe07a699a73810facd9e55f7f923291ef3a,Medicine
b776f443afc8228a92c1a952df32d9badd86a5c3,Chemistry
b776f443afc8228a92c1a952df32d9badd86a5c3,Medicine
c39ea10b11821618381ae1007efa6a6561dd3b98,Geology
f809afa4053bc6782347a539c799bc4eb9e3174f,Chemistry
f809afa4053bc6782347a539c799bc4eb9e3174f,Medicine
4b86a67233af911298eb6809c45f614a09577ca4,Computer Science
36f768c65e865c7d0bb87d2751f509b09b836051,Chemistry
36f768c65e865c7d0bb87d2751f509b09b836051,Medicine
43f32e00fa974e4d7ef6f33950a9241598c4a622,Environmental Science
43f32e00fa974e4d7ef6f33950a9241598c4a622,Computer Science
26caccbc08068fa732ecce190b0a5da97eeb2a58,Engineering
c979ff6d6efc27368ad2bd4154cbd2c7452ec86b,Engineering
f7ab5ff32efc78011c959b9fb4195a14a58723ca,Chemistry
f7ab5ff32efc78011c959b9fb4195a14a58723ca,Medicine
97862a468d375d6fbd83ed1baf2bd8d74ffefdee,Engineering
bb4bc0c79286f83c026fae9db2589cd35af44ca7,Computer Science
f670d98704031f24a55c4835891ff0c083a50834,Engineering
c9dd524ef59f0131ca0fee1d02b0f3d5733c9f0d,Environmental Science
d91d449dbcaa8640583c6698eff7625c78ca6c44,Economics
16b7b5da60c26b55b003f489c39558f8d22d0553,Environmental Science
16b7b5da60c26b55b003f489c39558f8d22d0553,Medicine
a19ff6b69c9214e73fdce68de4563d96f15dca16,Biology
f04043e2c5cfec641f61a9562317b4366c7018f3,Engineering
53826378904cf48db25d21aac481e2a9fc1e8031,Environmental Science
a2c037038042ad706c649574d3a55936484e9f94,Engineering
66c78189c5c3ea5496296d40ccf9b55534c2aad8,Chemistry
66c78189c5c3ea5496296d40ccf9b55534c2aad8,Medicine
8b4f73c5ab99b4f3d4bc46557a5c8365ac39cc3d,Medicine
8b4f73c5ab99b4f3d4bc46557a5c8365ac39cc3d,Environmental Science
9e94b3dc8002f9752ceedd4f90aeee0d300fdc55,Biology
9e94b3dc8002f9752ceedd4f90aeee0d300fdc55,Medicine
2fed15c4f4a8a539532713e919444f80f38ed900,Environmental Science
72918abdbce24a703c55ceb434331266daedbd16,Environmental Science
72918abdbce24a703c55ceb434331266daedbd16,Computer Science
72918abdbce24a703c55ceb434331266daedbd16,Medicine
b2be8c121ce268021e29aaf2ab46618ead3bcb02,Engineering
bec8e91be7829a41e462c0686a9124f7ee05d715,Engineering
fab3b03dc39c1222a7dfb4b1703e521e8035c7fb,Engineering
babe84d189ba59a350b8552dc1f7cde98792c81d,Business
1eb0061efcf216bfafd6e51e99fbf538631354f8,Environmental Science
1eb0061efcf216bfafd6e51e99fbf538631354f8,Computer Science
32ff8a2c898af66313a5a307a57a893aa6ffb65f,Computer Science
83823fce4c3b05b33bc396d5a5efcdf20c131555,Environmental Science
904f446dcbb59da9ef213356f4c827db6ee81832,Business
904f446dcbb59da9ef213356f4c827db6ee81832,Medicine
3afbd9727d23b5e6f1b32dd0acf5540ca74830eb,Computer Science
bb427881409d83c7057da7ca62787dfe34722c1c,Medicine
bb427881409d83c7057da7ca62787dfe34722c1c,Biology
e17cbc3762e27a3b8fbfd4809af82616d3c00bc4,Chemistry
e17cbc3762e27a3b8fbfd4809af82616d3c00bc4,Medicine
030cf5f83ed6a8544fae0be17d6e12ce56b15500,Environmental Science
0503f46a5d3854682dea4e08619e0577b63adf81,Geography
2f2bf29ecf0f57879e46ffcbe31d2db4a63ec666,Computer Science
fe91ea1e5a9eb31b85edee65be1b42b129acc8f7,Computer Science
dc9347d5152977a9709cc0c3fca0a0f23f7e3487,Environmental Science
1250edf0d401be1d1c918fdc77831c84d2bfb475,Computer Science
176e4c10d4b476a2b4784a1e565c2aff4bb77b63,Engineering
176e4c10d4b476a2b4784a1e565c2aff4bb77b63,Computer Science
2cb75d70bbccb77f09e4fca8183b2e0a02c3d662,Biology
2d6ceefc2e7a0f2cd53ea1b4b516cd5221ec2fbd,Geology
46d01e0bbe22c8212b234bd71fb65e72fe6e6a59,Chemistry
46d01e0bbe22c8212b234bd71fb65e72fe6e6a59,Medicine
71f3a91f452dc4608299ffaad0d3c98acc0e0fa1,Computer Science
05ab057fc9bc70a9d1d8a027e8f30c14d1842247,Computer Science
db32a6c0428c185cfb08179bf6a84c32abc47a96,Computer Science
a0a87d3f8d7d53c0cfc840c6362d136603dcdfa3,Environmental Science
7eae26394ff147b3af7e4575f096c3fecf31b20c,Computer Science
7eae26394ff147b3af7e4575f096c3fecf31b20c,Environmental Science
1743fc4a509167810ea65f82176996e69badd39e,Computer Science
025bb800cb29f051298d5a638c4dc2b96c67a5ba,Computer Science
9740932a71695f585482c9b9d449ae9672fd45d8,Computer Science
7ee13efaf13fceec900d6d3df313dc79e5059ebb,Engineering
10761b57409e17516db389de4f5c3d92c3c492a9,Business
a085328ebd1b2af5f7b2637a844012c7dba751f7,Environmental Science
a085328ebd1b2af5f7b2637a844012c7dba751f7,Medicine
ea7ce5473335409dc68c195c2b3255bc1da2cd29,Engineering
497261648d19c3fb69b764e54388a6aa24b07637,Biology
2fc3aa7adbf62f6609b02ffc367c8fa0070b283e,Computer Science
2fc3aa7adbf62f6609b02ffc367c8fa0070b283e,Mathematics
8de7bf1708eef2c216229c1358c092ddbc00d42b,Computer Science
a58ed64d2403b3fb655eb56cb342ab6e2e58b250,Computer Science
c8d41157a66989d1eb995369e4dc84497d5a194d,Computer Science
20dcdb4fe61d578257a2ad6bcc5d83acad69e71a,Geography
8a2fcc2e3915c115ccaac63297ff48a4fd52ed73,Computer Science
9e5c06e79986caba3b19ef6c6e25acc7986b9e97,Environmental Science
9e5c06e79986caba3b19ef6c6e25acc7986b9e97,Medicine
ffc3f31a9c65ab859f8716c77837e3ab7d101a69,Computer Science
4bba0a1455765703a4c2b941c0c9833f0829d01f,Environmental Science
1a4424a8a1525e4c8cf050ca7d6331f2943223b1,Environmental Science
1a4424a8a1525e4c8cf050ca7d6331f2943223b1,Medicine
1a4424a8a1525e4c8cf050ca7d6331f2943223b1,Computer Science
46cd41b5406e3cbe1c0b461a1957652cf11cb40d,Computer Science
96aad6748db194cbe272d77dcb0fdf4e0b7deb6e,Computer Science
96aad6748db194cbe272d77dcb0fdf4e0b7deb6e,Engineering
96aad6748db194cbe272d77dcb0fdf4e0b7deb6e,Medicine
b1aba7d3e3c1a82bf972c6a8e2a6d4f9eb6f5c58,Biology
b1aba7d3e3c1a82bf972c6a8e2a6d4f9eb6f5c58,Medicine
0c278e34dc033781b9593ddf4f1cbfeaedd6c0cd,Environmental Science
4f1846021c9fde11bd8ba5c31de21b0724a26ca9,Engineering
6c9fe95ed307d7f0b95cd67098adf62298357a5b,Engineering
a4e48fcc1cf05b3370794c567faea26eee955104,Engineering
a62520e1e907731bb5a039b2d63a854d78dd4100,Computer Science
05195e65aa10616ec9120a9510941e29449e7ac2,Biology
05195e65aa10616ec9120a9510941e29449e7ac2,Medicine
026c166fa9a65720c0634c5a55aed9a5bd41d413,Computer Science
078b1213bd78c6fef5645bf03845b52947d2147a,Computer Science
267850ea8e4b3cf68ace1a6c4c3ef2c9f8ce39e8,Engineering
3d54c3c00f2ffc61e73cf70fcfa81b04b96dfbb4,Computer Science
0f8317f3ea6d6698c09e7e557cf430d24d460eee,Engineering
904f4d24c4255c5578f00df9e94d421e13f46358,Geography
23823ac98f6ee8f4357146b9e208552cfe5c3f3c,Computer Science
23823ac98f6ee8f4357146b9e208552cfe5c3f3c,Physics
7ef74d8a66770e8be726033202794f7ed7679685,Computer Science
8194c0327824a32d5c39d485d3db7c691ff8ecc8,Computer Science
81acffee430b6d52bb6f8c3cea136ccfb9ed3d14,Business
81acffee430b6d52bb6f8c3cea136ccfb9ed3d14,Computer Science
955cedb0d7c381a8e50842cb08d8ea59f95393cf,Computer Science
d5ffb5910535898179dbbbb75e76e6886cf64b0a,Environmental Science
d5ffb5910535898179dbbbb75e76e6886cf64b0a,Computer Science
0f577ae8c62aab6f0ea4815338156ac4f5356033,Geography
203c6f11d434ffee0209ce2b75318e995fb4b952,Geography
2420a9c67b79d94d42ab6d06c760d64ef374184f,Geology
2cf855fb5eb80bca0fb1fdf3337b20647fe32816,Geology
9bd658e78edad98e68ecb89cd21914acc4846eb0,Geology
aa3dd274393c615269a90534cdb5114a879ba361,Engineering
b53cde1b8d5c2c58991d1619cb450000697a5c5a,Environmental Science
b53cde1b8d5c2c58991d1619cb450000697a5c5a,Engineering
dcf3a6a46db82c564bf484663fdd46b2a0ca8f5a,Mathematics
dcf3a6a46db82c564bf484663fdd46b2a0ca8f5a,Medicine
c01fea4c56b668f0d864e6155ebabaef2eecfd45,Environmental Science
db2b35ffa31571c76f3209c940c1653d8dc897c8,Mathematics
9bbf4a45303dd4cd36747d29ee33fa93dac15b86,Environmental Science
7382b6349e22c92e24be9ab0892653653212ecf2,Computer Science
7382b6349e22c92e24be9ab0892653653212ecf2,Medicine
3fb45edb0896066cf8677a9d3d3cce5f088701e5,Computer Science
96efe2332e30a9c5f0cd008a387bb8273cdf253c,Computer Science
053a82458a4970a10d39ef791957ee074b27dcae,Chemistry
192036fc244dfcf7a7a2002d113686fed57cf115,Computer Science
3ae637bac7150e3a454add66cf3cd6e69314f520,Environmental Science
4f794b368a200d86ab785063108e91d02eec9325,Computer Science
4f794b368a200d86ab785063108e91d02eec9325,Engineering
5d82e8bb5c0379fd3534773ae0c92cf1f2514214,Engineering
694adac9193f666bc3ac52bca73515d75fa84355,Geography
bdf9470dec6041ce5753b653d6c8f552182995eb,Computer Science
d480edd6ef61940a177c0491c96ac5cce0716feb,Computer Science
979711afd953221e1fe36d4f304dc4230239d37b,Computer Science
dc54489a16f4390ddea8ca0c7f1bf93678fe55ad,Computer Science
4f6494bc05c5235693d25a8c4fb17aadb89a7bac,Computer Science
bab0aa905040c2ee72e7fe2795dd7cf1c8d1a54e,Geography
9e74f7e851e254719ed849824d6a544298ab26b3,Environmental Science
0345b48ab50957908b62f15e66fcd09529ed7a01,Geography
39f10b9a8f631df329926be634e664afe041defd,Engineering
ba3ed7577b59c3c2ff19029646fc19e2ab9d53b7,Mathematics
198d6080ec3e273e667f8af4f5b86ca8d4698017,Business
469bb25bd6b3f1eee45950e5220366eb6f71e798,Political Science
7934f8c0fd25fcabb12eb53a7d44786c62a7fc68,Computer Science
0ce5f46c473746e8c40f303455171ae26f2ce641,Materials Science
6320f8b2605ed89edac1e01c7a7adc8bfd2a7d4b,Engineering
6320f8b2605ed89edac1e01c7a7adc8bfd2a7d4b,Medicine
66c86b0a5c5be6532fd47a75bf79abb9ca19af83,Chemistry
66c86b0a5c5be6532fd47a75bf79abb9ca19af83,Medicine
9ebc9e0311b037e2d4d1a46fc845f2cd7c5cbaaa,Computer Science
9ebc9e0311b037e2d4d1a46fc845f2cd7c5cbaaa,Engineering
8831371a6703520a577865cad377e1c2b048353b,Computer Science
53ce08d077275bf9a41d039a5b28b8e5012e2337,Engineering
59bfb89419843357593d94f23832a318bd8c837d,Computer Science
d23f15fd23a0463c7c05f5feea24f3f03e9b7493,Chemistry
d23f15fd23a0463c7c05f5feea24f3f03e9b7493,Medicine
54a26c7f3bf0874a8e316b93c80fea1a73d96ffe,Business
54a26c7f3bf0874a8e316b93c80fea1a73d96ffe,Medicine
757f0004cc115e4c7e7c8b4d60d9e6f5e3c23744,Chemistry
b73b93b643b436f35d7ddcf677dbf8851fbbf0cc,Medicine
b73b93b643b436f35d7ddcf677dbf8851fbbf0cc,Computer Science
66d9e9d6407935f4b44617c29d151e0d29dec680,Chemistry
66d9e9d6407935f4b44617c29d151e0d29dec680,Medicine
0977e3234bf2204b74bef4d6d2a5e3a51723e46c,Engineering
1c4a3de001b499a76a24feb0bcc6dd605cfb5617,Chemistry
37696909a6f50b66405fd08939af6c527d7e70a9,Chemistry
37696909a6f50b66405fd08939af6c527d7e70a9,Medicine
5e3c2af52f79c29461e5859eedefd7c61d85df65,Environmental Science
5eb8eda164da1950cadaa99117d57d07698c8a91,Chemistry
5eb8eda164da1950cadaa99117d57d07698c8a91,Medicine
a6425102e5d001ef5799ed698396d3a9e30735a9,Environmental Science
a6425102e5d001ef5799ed698396d3a9e30735a9,Medicine
ba4c30cdf430e99f8c3481087c12623b483586f7,Biology
ba4c30cdf430e99f8c3481087c12623b483586f7,Medicine
cff589ee836a0427e9c49e93998058c842215c06,Environmental Science
9082acc815a8720b3dc733c6fbc85e741f702432,Computer Science
fcc7ba11e8714a75fb592127645dea1770fccb61,Biology
2ff58fc5b4f4d0903a1fb21176ac03d7e204adc5,Environmental Science
87a93adcb26729c35ed77ac93315fd0be9acf517,Environmental Science
167e998eb0908603d7ab7282cb37f108045b169b,Chemistry
167e998eb0908603d7ab7282cb37f108045b169b,Medicine
38b355c82682ce0d0e62835f856144faa2fc35b9,Biology
38b355c82682ce0d0e62835f856144faa2fc35b9,Medicine
877fa743d9cbf41946c90e90f31326a58bcce957,Computer Science
877fa743d9cbf41946c90e90f31326a58bcce957,Engineering
8f69e420ce1ced46c518fcfd3484af1c672e7fee,Business
8f69e420ce1ced46c518fcfd3484af1c672e7fee,Medicine
f43798bb8445247054a77029f3be5657a2c29daf,Mathematics
f43798bb8445247054a77029f3be5657a2c29daf,Medicine
8f1dc399a1c833325958678029d735058eb010cb,Medicine
42445c226760453f08a6578372cea456624d704c,Computer Science
8ca7b2606da3d3d72c8321b399a84a9c13dfdbc4,Environmental Science
968ded79ef9f757897e4448b516d6893d0312369,Computer Science
608d6499732a24c306b2a55d114e0fbc74091562,Computer Science
2ca3224cc3a72a852854863341fc49b6898e04e5,Engineering
525f52b7b5d44d83711277bcc98c688adfe87507,Computer Science
525f52b7b5d44d83711277bcc98c688adfe87507,Mathematics
7affdea660ed13a1dd2e246639fa8d4c83b49025,Business
dc68741bc79773f4c4c8e666213bd13cfbff2771,Medicine
dc68741bc79773f4c4c8e666213bd13cfbff2771,Chemistry
f39666247f4e0f63d80d3819dc123d103da5e131,Mathematics
f54209cfd481d31f8a6057684fdac9e24152a1be,Economics
fcde6c8300200f64d8096b97056424faf3abd796,Economics
48cbb02e8371a7ed1f48137b2ddfa32469eacd12,Biology
48cbb02e8371a7ed1f48137b2ddfa32469eacd12,Medicine
48cbb02e8371a7ed1f48137b2ddfa32469eacd12,Computer Science
104883849f5e9c8bd8ce5ee5931461ed67ed7fa7,Biology
104883849f5e9c8bd8ce5ee5931461ed67ed7fa7,Medicine
453760e7a55bd8068569bf3611bcb0067b0bc1da,Materials Science
453760e7a55bd8068569bf3611bcb0067b0bc1da,Computer Science
453760e7a55bd8068569bf3611bcb0067b0bc1da,Medicine
88cee4f8700659b79a92fb409b08de0421b2d1ad,Computer Science
3bea0fa49cb920a02ac93010020262efb60edc88,Engineering
277c3d2e14d4004f491f640302f2d6cfc3ef0e13,Medicine
277c3d2e14d4004f491f640302f2d6cfc3ef0e13,Chemistry
e88b26d26a7842055cfed9f8d0bdc0a59dbee0f7,Engineering
f03e854ce0e0d78cbb884d5cf27ad11feb4b37ca,Computer Science
48fff09c57ffffdd00bff7e22040d45e26de850b,Engineering
ee124247e50ba64272c4f227a5cc070beb37bf71,Chemistry
ee124247e50ba64272c4f227a5cc070beb37bf71,Medicine
717536b95c856ddc849ac3112d4143ea2a3acfae,Computer Science
9d7c6220c0dab95b3d1d77c621e74d79c401a0d1,Environmental Science
9d7c6220c0dab95b3d1d77c621e74d79c401a0d1,Computer Science
a0acc629d86ebeb81535e8bc18742cab8d66d9fd,Computer Science
a0acc629d86ebeb81535e8bc18742cab8d66d9fd,Environmental Science
674e0d589b67d9cf1d30fda0b061c58e0ac93a42,Geography
c044ba303c3bb726894ee0d89625b4d60eb6a26f,Engineering
08b667cae0402f15cda3ddf231e9d8f80aaf54b3,Computer Science
5af92f00ed731cd0d1775f43163110eede0826c0,Business
5af92f00ed731cd0d1775f43163110eede0826c0,Medicine
e82e4e35d96a4535874ff5462a159a4a46b0d4fe,Chemistry
86549f2f28f6d97a19b0dab553e71faaddacb8de,Computer Science
0847ee2248af5261137d04cdc3aba7522fa5e3b7,Computer Science
521ec46bb29129f950b6fef0d099f94795f15b6c,Engineering
bf4f611a2fdbf562dad674c321d8a68a541657e3,Computer Science
61ea215d214efeffe9a6adb9d9896daafddd06ec,Computer Science
c9443bfbce5b671b0bb72784ceb7364a28faa7c4,Computer Science
040afda10ae87ed6868826efb09b9944bba9489b,Engineering
a42f3564feb84beb659ae634aca4a7f62cf1105d,Engineering
a42f3564feb84beb659ae634aca4a7f62cf1105d,Computer Science
82706a0dcd0537f0270f36da1536ce94820f5f49,Business
0a2579b3e7328760acaddd2f05f2982c91f8833d,Computer Science
020d517688e704ead23786f5e99c17016df415be,Economics
03a75dd0b1fc833eeecd600b3c87cb32e1ab173a,Computer Science
69a439512c970144d48aff517e1061a6302324c3,Engineering
92a6585c64888552a38082a87a16a8b5b5b7e5c3,Computer Science
c40b46537495cd3b3058fab37172af52835571df,Environmental Science
c40b46537495cd3b3058fab37172af52835571df,Computer Science
03034b7464389f47c8d42656d09ae6c06cf7e362,Biology
03034b7464389f47c8d42656d09ae6c06cf7e362,Medicine
169f19028fba4845124b253139c48260809370d5,Mathematics
262d125433488fbeb091e819a096a7bab21bd8d8,Environmental Science
5af949f5b6439acdcc48801aa77c0ba75e3282d5,Mathematics
8e2675859ebf1616240561138df1cabdd71009dc,Mathematics
b5d18fca5b1765dcca1bb781d510d80b0714a99f,Environmental Science
b9f553f40b3ce8f6f45bda83a3c32e194a684b4c,Environmental Science
d1a454a6a9c05733222e72261a34cebba4410642,Environmental Science
2ce4add3cf099a27304e8d60e3e171c3af6c96f2,Geology
41c43325dc2fec14b1f0debaa3f2b17d22cfd540,Psychology
aff3c4ef7cce982e2c1c2ef5e3a2d51639ab3a11,Computer Science
f7023cbebd13e795ef69289091f2f5309850e362,Geography
ea8f7884f839dc21eeb6fe30e8762b1ab7f5809b,Engineering
ea8f7884f839dc21eeb6fe30e8762b1ab7f5809b,Computer Science
242691c0d97164fe2178d34e65198f209f7ce929,Engineering
210cbb7795cd521ba18ec405e87b6e622f9dcf77,Computer Science
210cbb7795cd521ba18ec405e87b6e622f9dcf77,Mathematics
42ea9f2ad8d98b9f6046fc9fbf0c8421af5c81b6,Computer Science
6297812cc4e90c4675e392a72037889f7a020933,Computer Science
837d738fc88ef4bdb87eec6f618dbd8e59af53c3,Computer Science
865f09a10c958f9bb7f623220f8780fc8952345f,Computer Science
8bda114d9357e4b1039f122a21d0a8eca547b5d6,Environmental Science
8bda114d9357e4b1039f122a21d0a8eca547b5d6,Computer Science
9a8cb7989d62a07bd2657f1815b5c80c42f679f5,Computer Science
d2aba235c61dbe63278ccb7fb24df9a433940665,Computer Science
d2aba235c61dbe63278ccb7fb24df9a433940665,Environmental Science
ee8143df2aa7a72edfa2b3a74bf566c63ff92449,Computer Science
1f92b8bfef19b827afb08b5fa09e3076b867f388,Engineering
1f92b8bfef19b827afb08b5fa09e3076b867f388,Geography
2a48cd6a560752cb72299ea3d1f76370b26a7b2c,Biology
2a48cd6a560752cb72299ea3d1f76370b26a7b2c,Medicine
d8ad2a0064ffdcb6b500b41c80d4610385d83532,Biology
fea5b4b5a6fb03afa7b32946fdd4b4ff86475299,Biology
da1440e66d68b6bf033d89c7ced428ce5f6db9e4,Biology
da1440e66d68b6bf033d89c7ced428ce5f6db9e4,Medicine
e9d8c0896229a3ddca28ac3cce58653001240ed3,Computer Science
2f78796a3eed9e0db63684ea3596bfb938877ab9,Computer Science
2f78796a3eed9e0db63684ea3596bfb938877ab9,Engineering
e7783a0438023f9b6b0282e572812ee5dadd774f,Computer Science
e7783a0438023f9b6b0282e572812ee5dadd774f,Engineering
e3c212b3af6df1c221018c274c3806a8379e4736,Geography
e3c212b3af6df1c221018c274c3806a8379e4736,Business
56422e059d2d089ca603725d3fc343d6e0e4d3e1,Geography
56422e059d2d089ca603725d3fc343d6e0e4d3e1,Engineering
213ad845a597c74dcfd32983942b623d6c47e8a4,Economics
5140560d4498cbf15f5950788b9dd28f0fa89c79,Environmental Science
02b7004b9c794ffad83ecce2bab751620283d255,Computer Science
1f96434afcea40375c3b933dd2991fa88c3ae483,Engineering
3684c665683c3e122bcf544ac8cf6eec90f802e5,Geography
488c27668b6696f2f17162a20a2f1c08190bdf45,Mathematics
53a927444698a9968f41502fee88a4b0aec26b12,Computer Science
7721111617a95460ba712197d340d9f122d8942a,Political Science
7721111617a95460ba712197d340d9f122d8942a,Medicine
841364e8a1304842df22eb64530ad02be302c3f9,Engineering
844fffe3aa74d974fcc8703316e923ee9cbee14a,Computer Science
944e796ba6eab7b00009f4d471d8cf84d39ab66e,Environmental Science
b688deae29fd81a7ae64a7ee560d148381acfa2f,Computer Science
b688deae29fd81a7ae64a7ee560d148381acfa2f,Business
d8168989a785d8083735b34c8591ab59c0ed50ca,Computer Science
ee4059d5690f2008e5907daf0f2cdf77837d4b8f,Environmental Science
0a9188f8778e70fd0781755adaab2050165549b2,Geography
0c8651cb7371b9b01bcc46d82d691e3397622e46,Computer Science
6bf96aeabae84fe4715540fb83193f53729ff240,Computer Science
d3d0c2d2948a1d8368689195a15df921d4e05fc5,Computer Science
07764ad033addea96b2dc0629b47dc2b4c5ba15c,Computer Science
c18ca9cd2db77f3423d07cf00d9e17d7fcf20442,Geography
02f42bf2c31fad9bc65b56848013e9b5042fb7fe,Computer Science
4fcc3af5e1ea96e6b8eeec5fa2bfd4eb6491ac16,Business
4fcc3af5e1ea96e6b8eeec5fa2bfd4eb6491ac16,Computer Science
eae6c854104f32523f4d29dba97c8c9172429107,Geography
eae6c854104f32523f4d29dba97c8c9172429107,Computer Science
5da2fd0e369c13ce915e6fb64123b3dfcdecb8c6,Business
a204ada8026693dc140c8e20ef017e21112be5d6,Environmental Science
0ee6c896fd15e8217104e1292dfd010a7d0a4acf,Chemistry
0ee6c896fd15e8217104e1292dfd010a7d0a4acf,Medicine
286b74be45dfe02d8a2ec8adf67d9a6d1dc56565,Geography
f74dae040bf645698f04f158d0929605624f3e28,Chemistry
f74dae040bf645698f04f158d0929605624f3e28,Medicine
2f34cb952183fca1ead81a039ba4b25964930780,Environmental Science
2f34cb952183fca1ead81a039ba4b25964930780,Medicine
fb61f0871307ecf73fcc87bb80b8ac0e5e802d4c,Computer Science
fb61f0871307ecf73fcc87bb80b8ac0e5e802d4c,Medicine
1939ff7375b3a55056171ff750458483f0c0a60f,Chemistry
1939ff7375b3a55056171ff750458483f0c0a60f,Medicine
09d7769cec97fec44c96c1c6185cba4b9c77969c,Computer Science
4465105ed3a51a8a676a5e226f645132caf9937a,Environmental Science
7ed31a09bb5d3507b8b515afb25b26d4d949426f,Computer Science
ba353906d7c2cec7d702ebe5a503638e09fd3af1,Mathematics
ba353906d7c2cec7d702ebe5a503638e09fd3af1,Computer Science
029c5841b3fc010f55b604d7d1c541adb0e4a782,Computer Science
aea0e42ca34c6bb34af9e26160b35253cdcc5115,Chemistry
aea0e42ca34c6bb34af9e26160b35253cdcc5115,Medicine
17544fd4c1de50fc4505f50f979e34aea44a0c8b,Physics
17544fd4c1de50fc4505f50f979e34aea44a0c8b,Economics
36879569ef7539dc61800ca2c21a0dedcbdfc5ff,Computer Science
69177f0c00dda834d3e0af2b6b96e38016a7c476,Chemistry
69177f0c00dda834d3e0af2b6b96e38016a7c476,Medicine
ab2e07a810eb00d9cc994c0d8bfde2392c81ed01,Computer Science
b4fa6b10f740547f834bd89eb67a80bebb9244b9,Geography
b4fa6b10f740547f834bd89eb67a80bebb9244b9,Computer Science
4a0929da75d909909ea9feeb36fd66d237d57e81,Environmental Science
4a0929da75d909909ea9feeb36fd66d237d57e81,Engineering
a6719a076949370b4d1d6c9f2b2474b59752dd76,Engineering
a6719a076949370b4d1d6c9f2b2474b59752dd76,Computer Science
9bd1147c6760a0e0c1c70aa55418a98c5389cf63,Computer Science
9bd1147c6760a0e0c1c70aa55418a98c5389cf63,Engineering
10382df92091357a5c8ef29fd0f7c2f4f2e12cce,Computer Science
3b0ec387efd33c95d96b045f66bda8ce12bf85ba,Biology
9668bb8f59e622e4fbb177964e3fb34a398c6242,Engineering
de1e83c39625d3673e51377fe209e0fcc09c3f6d,Computer Science
c48fe48516bbc20f97cada2832b36219b5ed0e91,Environmental Science
c48fe48516bbc20f97cada2832b36219b5ed0e91,Computer Science
533e3f22e332767814deaac230e7d1df265476a8,Economics
a948fb78ffe2494e1b3b6f1c9621dc3d7b6fe5c8,Environmental Science
a948fb78ffe2494e1b3b6f1c9621dc3d7b6fe5c8,Medicine
4ad2800b8d96cf6a30af4da08b19b2be3bc24dd1,Chemistry
4ad2800b8d96cf6a30af4da08b19b2be3bc24dd1,Medicine
9097c526fb716d67b0a0f4f1662fc12129c56bb6,Medicine
9097c526fb716d67b0a0f4f1662fc12129c56bb6,Materials Science
eac8318715a6610d2f3f976a530ecbb0b010e7b8,Computer Science
eac8318715a6610d2f3f976a530ecbb0b010e7b8,Medicine
f07624ccf4a2eb18f0122a574c1e635b7f899231,Economics
f8a437bcd7ed672db8c4c6384b3938a7b60ecc86,Engineering
3a48a0b2a94de4ae1c9e786dba35b7f42e1e362f,Biology
3a48a0b2a94de4ae1c9e786dba35b7f42e1e362f,Medicine
7277f8928efda66cc5bbfeb620f5edc3581eaa11,Environmental Science
abc6b6326737d36ca11f11ba2ce76719995c6f19,Computer Science
abc6b6326737d36ca11f11ba2ce76719995c6f19,Engineering
51519f65eafe3c1cb0bd3728de43293fac779427,Computer Science
c79e2dfadfc572b9959fe89e7710927e707aa503,Engineering
7a1f425fe2d6c0f1a6a90c05c5622ab718fd1645,Computer Science
a1a4c8da018d1890808e37b1908b7d0aee087ea5,Political Science
40bb847d437c9cbf0091df53df13d0172ead4636,Biology
f3e401bf0d8d488ab0f809514d3a9c7c6b353abf,Environmental Science
f3e401bf0d8d488ab0f809514d3a9c7c6b353abf,Computer Science
f3e401bf0d8d488ab0f809514d3a9c7c6b353abf,Medicine
9e234417d13d3eda6e0baad3f8544f1d4653215f,Economics
b732b8a17f4ef7fb5e4d375b93c5e1ee6cf259b4,Chemistry
b732b8a17f4ef7fb5e4d375b93c5e1ee6cf259b4,Medicine
0f9c43855dca44dc0a95d60164f549fecf7b9829,Geology
0f9c43855dca44dc0a95d60164f549fecf7b9829,Computer Science
e4a0778380349d555cfbaaa94abb35d5d939f0d1,Chemistry
e4a0778380349d555cfbaaa94abb35d5d939f0d1,Medicine
705db7803a32a48c297240e300ef651794c51e44,Engineering
d8aeaae66fee18768d924050f3366ec700e0c6c8,Engineering
d8aeaae66fee18768d924050f3366ec700e0c6c8,Physics
27805287fbe14cbfce67d52bd4a7a3c73b71dd4a,Computer Science
51a2e90ca5f13e8fcd26031f0f2b28c71dbb886e,Mathematics
51a2e90ca5f13e8fcd26031f0f2b28c71dbb886e,Computer Science
92fc0079e982f7a7b33b6806bd31def3782e7fab,Environmental Science
92fc0079e982f7a7b33b6806bd31def3782e7fab,Computer Science
98597f657032422c30de525fa7cce6281438f49d,Chemistry
98597f657032422c30de525fa7cce6281438f49d,Medicine
a1e80c455d09d2d9c36432eed2c17551197c4541,Computer Science
a1e80c455d09d2d9c36432eed2c17551197c4541,Environmental Science
52b8f168b311312462243c079372ba96da7a7b25,Computer Science
c2b70fdfe7b6e2b8d0230ee01c553246a5d399ff,Computer Science
6415f014998ad2b1d51986977f1d12e5d5a7cdc1,Materials Science
674d03add9ed8da053de2e3c8b0877aaed63a930,Computer Science
5e8254686c13be141a02cd62a24d886447b0a2ed,Environmental Science
5e8254686c13be141a02cd62a24d886447b0a2ed,Computer Science
b390d5ceed9af9dfceff73313f2a2b678ade4452,Computer Science
3b1729eb66198fe09bf57a10e494bd332d757ccd,Computer Science
3b1729eb66198fe09bf57a10e494bd332d757ccd,Economics
de022afbeb23bedaf2b7dc4dbdee198da7c63be6,Computer Science
57c86260e69e23b149a3e2f0828545f06cdf21df,Computer Science
ad55a92e469f8880dc6c118432b925fa3668833c,Chemistry
ad55a92e469f8880dc6c118432b925fa3668833c,Medicine
298b9deadef1f7cf6b39e1588060a2693a035dd7,Computer Science
3769f3e847a07691bb7048df5bc7f11ba31d30d4,Medicine
3769f3e847a07691bb7048df5bc7f11ba31d30d4,Environmental Science
37893e165ec6a0c2f85bb1f3280190ef6aa0068c,Computer Science
54e79fa973531ea0151994b3e41e480b9c544ced,Computer Science
54e79fa973531ea0151994b3e41e480b9c544ced,Engineering
5982b30019c418275f81161c447a69af1dbd2e98,Engineering
7ac5d6c6aad2288499b877246c4edecdd99b7114,Medicine
7ac5d6c6aad2288499b877246c4edecdd99b7114,Environmental Science
93afc34a6025972c496eb74094c005a5dd73a747,Chemistry
93afc34a6025972c496eb74094c005a5dd73a747,Medicine
94540e41e29a162d982e488560b43e8e44df8067,Computer Science
94540e41e29a162d982e488560b43e8e44df8067,Engineering
4e027d9535fe5aad94352fc67b1e510af5428cc6,Engineering
1ce51cd98379cf879dcafc4e04be31d8f5d38bee,Computer Science
a3404a8a561007ab4c8fdec51307e60c1403e04d,Computer Science
8c400ea1c999ea854c4217ad70d13b078b5e4e34,Computer Science
8c400ea1c999ea854c4217ad70d13b078b5e4e34,Environmental Science
8c400ea1c999ea854c4217ad70d13b078b5e4e34,Geography
01b9b441c5365cfc867a1822c7ec0e0dee3a3f28,Environmental Science
01b9b441c5365cfc867a1822c7ec0e0dee3a3f28,Computer Science
35ed49db8ca67a7ff192b5473265f9965fc47473,Environmental Science
35ed49db8ca67a7ff192b5473265f9965fc47473,Computer Science
aa17775470623965742dc76847c8f4e63cc5619e,Computer Science
aa17775470623965742dc76847c8f4e63cc5619e,Environmental Science
03dd692201a46d65b695dee98be6c9a7e82e5ec9,Computer Science
7f3a0fa3836d52325ab1dcd6005cdec9ed1207cd,Computer Science
68749770401f32804d5dae208a306396e2811a50,Business
0ec34c57b5d902d981e07280477c6be09aec2769,Environmental Science
0ec34c57b5d902d981e07280477c6be09aec2769,Medicine
74d52bf11b252c38fddd154082be55d22afb01d3,Environmental Science
f77d398b7bd925148cbdb70e9e99e7bc3002573d,Business
f77d398b7bd925148cbdb70e9e99e7bc3002573d,Computer Science
719c5ef2b8a6331145ce68ea78b72d79aa8f3ccf,Computer Science
973d88687516ad3943d17c9529ff6eeff69c19b5,Geography
a1641231beb2861e9e89a5e2b3b484529924164a,Computer Science
64626432c0985ad99ffc7be7644dc5930f18c0cf,Medicine
64626432c0985ad99ffc7be7644dc5930f18c0cf,Biology
0b3fa1ed378d445d63eb4bfb25c2596476a8b476,Engineering
44edfb2ff450896b7e238a6e9191c8c487bdc7a0,Biology
44edfb2ff450896b7e238a6e9191c8c487bdc7a0,Medicine
c0150544aaf053fbdc399008544145972432003b,Computer Science
1bbdc0272e952db4259dd06c0695e7ef1903f90c,Chemistry
1bbdc0272e952db4259dd06c0695e7ef1903f90c,Engineering
0f439edce8e6de8b3f63cd33b5de0b141e7c906e,Geography
11032b3cfdc96f0d1c4fdee52dd8f2a8b8230f61,Environmental Science
36f000ea1aac3b548a09e57ea6cf73929a5c9e1a,Computer Science
36f000ea1aac3b548a09e57ea6cf73929a5c9e1a,Medicine
36f000ea1aac3b548a09e57ea6cf73929a5c9e1a,Business
7537c7dd841b90df1b1551829bb32d5d11f28ffc,Chemistry
8d95e45441df3b7c401d9544899e9c107c580194,Environmental Science
aae9c28e707ec9fe1dda84d042d8146c67310f19,Computer Science
a6f64d196852cd07bdaa2a651023f4acf96eba2e,Engineering
163a653c4129fc339209530e2da71d6f242df931,Computer Science
466e6001414799972156e1e417eeead937d1e62f,Computer Science
5767d02fb65ecc147abaa9e0cdb43fb830b831ca,Business
5767d02fb65ecc147abaa9e0cdb43fb830b831ca,Computer Science
9da0a659a9d2833295e8cdb666ee4e5c3378091b,Computer Science
b372e54f68f99481239d7d9cf82e95f9cadd8a61,Engineering
2b1d7ae76dbf9ef446bf647ba7b3990ef15f9ae3,Engineering
2b1d7ae76dbf9ef446bf647ba7b3990ef15f9ae3,Computer Science
3288a8cb1485a389c1fc069056f7b1192c3ce874,Computer Science
e7eeddbd44ffbce9e812aa2f39d8f0a814825575,Engineering
e7eeddbd44ffbce9e812aa2f39d8f0a814825575,Computer Science
eb24b8663c2451ddb278441839347a17289ec1c7,Engineering
eb24b8663c2451ddb278441839347a17289ec1c7,Computer Science
ef588dd39c339ff62c847c572b60b3cff1fd73d2,Computer Science
fe7ec799f369a9ddc8501f9f0094548ecccd494d,Medicine
fe7ec799f369a9ddc8501f9f0094548ecccd494d,Chemistry
04e2897c855e1f87692acb6ce29b28c8950d30b0,Geography
3c9ae049cfbb06045f8e7741266460362d0a44f4,Computer Science
7cc974ddfdaf1b41a0784dc942a7e660b47caf4c,Computer Science
f04066291cb18337bd96cb6c21a156bb35ce3f27,Environmental Science
e08a5b2a63ebc6106b91c2fa6d0e6c11208b1404,Computer Science
2df476dcfd5e6a1c2a7ac766649ee81479242653,Engineering
85f3ca669b8d73cc493d1b23fb973b02775fcd00,Environmental Science
6b87670135a635c1d54df0c6f822d9935fc62f71,Environmental Science
141ca542912b6ecac0babd9b5e17169db0ded49b,Computer Science
2cafd0d4ca49d9a69c460fceea3bcfca6d5dbe66,Engineering
521ea177ec42286740d824115eb8e23c9b298770,Computer Science
10d9497da7907ddcb75ea1d066b29c98140bf316,Computer Science
5b5d2bd18007095cc529dec8d01148e614881f67,Computer Science
5b5d2bd18007095cc529dec8d01148e614881f67,Engineering
953f545aa1b11a560277898613187ee5e0037494,Computer Science
cfa4c471e143b5af09c944a3838fe59c954e1bf2,Environmental Science
e711b1f04caf96d6f89f806fb6ceb789019424f8,Environmental Science
e711b1f04caf96d6f89f806fb6ceb789019424f8,Medicine
9c4d179c4746b07166e3f16d5198d902d80e9740,Environmental Science
9226829214513e0d2ff7f9dfffd83d7028ea9235,Computer Science
12c8676e6ffaf3cd09cd5ef6badcd9aab2be8988,Business
3976fd47fff5464c7f9754deed74c4f8e10a4b70,Computer Science
3976fd47fff5464c7f9754deed74c4f8e10a4b70,Engineering
221aa33245a51f424ebf1eefa16f0621bfe01ac2,Medicine
221aa33245a51f424ebf1eefa16f0621bfe01ac2,Environmental Science
b66f570e26820ecbb25d3b85f2ef9b047594891f,Computer Science
b66f570e26820ecbb25d3b85f2ef9b047594891f,Engineering
fc40077171f711769a7ece29f16e572fd29abd40,Environmental Science
fc40077171f711769a7ece29f16e572fd29abd40,Computer Science
fc40077171f711769a7ece29f16e572fd29abd40,Medicine
9ed51600af6129f1fe707467a2c45ea7bf45797f,Chemistry
9ed51600af6129f1fe707467a2c45ea7bf45797f,Medicine
69a20716b81ef2331c2bed775cb14d2ee631ede2,Computer Science
8f9891b873b850b9a41d665772c44d6575cea221,Computer Science
b0bb1b1787847edcb8043597eb485ec52699ee74,Political Science
b0bb1b1787847edcb8043597eb485ec52699ee74,Medicine
f266647cb4680685ddeb2620b4285e1937606779,Computer Science
07f9161c9c5895816fba900c44bc644ae8277594,Medicine
07f9161c9c5895816fba900c44bc644ae8277594,Environmental Science
edb0c955dd35f4cc0653ef0677cfbd23efe0917f,Geography
0bf304cb7b43fb07c51c34321c71cf3142162ce8,Mathematics
0bf304cb7b43fb07c51c34321c71cf3142162ce8,Computer Science
f03b1bd1043e88497657ba5dfc985e8c9157cfd3,Computer Science
b35a902e71d513c834d6fd5f3eacbbb09843dbf4,Engineering
8e7ca88a7839334d78ae31b3147be10175b2e0c3,Computer Science
d06a05b683d5270de2168d1d47b73a0f129c33ef,Engineering
f44a1a6e3eae96e54104d3ba2adf74f3f2e2b22e,Computer Science
65b11bc8471ba6edd540e68bc7a50ebf9d02eb6e,Mathematics
da15b3825fa8d5a27b87302806d12eb8e6a26614,Engineering
da15b3825fa8d5a27b87302806d12eb8e6a26614,Environmental Science
2521644e4045bb422ca85a246a312ac3758012f1,Computer Science
2521644e4045bb422ca85a246a312ac3758012f1,Medicine
25aa02d52dbc6bdec331b2ffb8bc57b8e0f65320,Computer Science
2f5ab7e8734150dc55d761fc70b02d332b2fcbf5,Chemistry
2f5ab7e8734150dc55d761fc70b02d332b2fcbf5,Medicine
64b6da81b4b160ac29234c87d4c2fa58bcb21270,Mathematics
64b6da81b4b160ac29234c87d4c2fa58bcb21270,Medicine
76eb3ad69aa0d3f285d3e8dfbf06ffa87fe3ead1,Political Science
29480746825238a581dd214cbdbda622c2081b8d,Geography
c863d485847c15a0915bd0cf9c20e8a077b629f4,Computer Science
bd4358391bd9393aeb45cb1c671658090849566e,Biology
bd4358391bd9393aeb45cb1c671658090849566e,Medicine
38bb9ffbb4f89fb4b01ca01a2e2969911f5daad1,Environmental Science
922b021b71fd37db08bee66c2d4480d64dcbc358,Biology
c3fa3f71b83ccc2d1fa3edc6dd9fb9cb37f6fae0,Engineering
c3fa3f71b83ccc2d1fa3edc6dd9fb9cb37f6fae0,Physics
7653474c6388c372e40e7f17da56e318ce7f7f1d,Computer Science
7653474c6388c372e40e7f17da56e318ce7f7f1d,Medicine
7653474c6388c372e40e7f17da56e318ce7f7f1d,Engineering
21503df232daeb5ae72f396b382f9b403468064a,Computer Science
39df7aa52136bec3612e9c5329f8b725f64700b0,Engineering
a701e80997c9243a04c84a67b14498af91a4e5eb,Mathematics
a701e80997c9243a04c84a67b14498af91a4e5eb,Medicine
368c398c3812dd7d87cdcda50ca81703049c8e59,Computer Science
368c398c3812dd7d87cdcda50ca81703049c8e59,Mathematics
c09bb9a91759a5e0267b7f63c81bfe778ba6a914,Engineering
f7314260072fbc33e738ebdfef598d56aaa930c5,Computer Science
f7314260072fbc33e738ebdfef598d56aaa930c5,Medicine
da4f5aaa977d77e215e81331fa5bd6ddd7dacbd3,Chemistry
da4f5aaa977d77e215e81331fa5bd6ddd7dacbd3,Medicine
4232a168d4f68d1ab73d8305d180bbc871414e5d,Business
4232a168d4f68d1ab73d8305d180bbc871414e5d,Medicine
4b07e78ea16d754da021d85603b67205bba7e066,Computer Science
4b07e78ea16d754da021d85603b67205bba7e066,Engineering
65feaddb289c301f59a55eed58061df6fa77d013,Environmental Science
9fcb00896d6b150aa0356a358519513560d98bd8,Medicine
9fcb00896d6b150aa0356a358519513560d98bd8,Environmental Science
d7196428021e1458736887d3601ab7385ca40c48,Geography
1bb76ea947bb3c4c99b5c4b58796f92435415317,Computer Science
3c8f2a0dfc5f72a182cd142cc4b73951969b98b0,Computer Science
b6f0e6bedb694da371116ddc14faa5e447ac1196,Computer Science
e9f0784a961f1cd05257bb616b2fc28d8efa1188,Computer Science
ed2fd164629994d42892a95eedb5e57ef6f5d805,Engineering
9da954ad3c3b980d1a6266d67deb02ba5e1c7d66,Chemistry
9da954ad3c3b980d1a6266d67deb02ba5e1c7d66,Medicine
f957199de72b786a21611ed3f344a03f27480997,Computer Science
f957199de72b786a21611ed3f344a03f27480997,Environmental Science
0c9c5ed54e1908dfb7aacf4ce2b75fb6946cf884,Engineering
6cfd0423580716ac3bdcec1251ee87b6821b37dc,Engineering
7249ecf2abfaf7115e9f800429657ab21e689f9a,Environmental Science
d155d6878d47fe8a82482822beddaad2058b9f1e,Computer Science
e31c3093576e4a80eef47631a55cb79ec1251ebb,Environmental Science
e744cef0206b12a2271fa5b7648556ff8760a6df,Environmental Science
663649c0c7c595577d178433acb21be6a54f5ced,Mathematics
663649c0c7c595577d178433acb21be6a54f5ced,Medicine
8edf116887dbc49d2d9a191c61393bdef21cf2d3,Computer Science
772a42ba08ef0035137c6b8aece5ba6e9a0eec38,Environmental Science
e892ad91e310e03c0760d00196124ef3e51c4f03,Computer Science
f8e3e7190ae220d0c417b7322b195aaa9af9dca2,Computer Science
79b347cfb30689df4625dfcdcef9af9dd46216c2,Mathematics
79b347cfb30689df4625dfcdcef9af9dd46216c2,Computer Science
a94369bdfc9509d677af8b8b48479bc688abaf8e,Computer Science
a94369bdfc9509d677af8b8b48479bc688abaf8e,Physics
ba05ab3764f486bea5e335ec22232522d311682c,Computer Science
454a74b0f97b717b4605859120cc5002e6c8e1f3,Biology
454a74b0f97b717b4605859120cc5002e6c8e1f3,Medicine
4c86388ee42d7163fd205a325abc7345049c3158,Engineering
b9fb6da3df4563647ba0bd0b198d1f3b380ef0f6,Computer Science
0fdd13a86349bad79e25f96bb11223f95dd2537b,Engineering
bb7df87de1ae8becfcff286e4fdaca2bc30d5be4,Environmental Science
2e99d954ed649b7340f3bcc05d76a282ad212d2f,Computer Science
2e99d954ed649b7340f3bcc05d76a282ad212d2f,Engineering
70166c58f76a465dc9823cd6cb98549c96f20260,Medicine
760889cdd943b5d9623de7039affbc0294a29b13,Chemistry
760889cdd943b5d9623de7039affbc0294a29b13,Medicine
83f3e43e9996fc20b96d0bf0375f335c66ae9282,Mathematics
83f3e43e9996fc20b96d0bf0375f335c66ae9282,Medicine
aad38df3218c21b448e517a3e03599e18c6b1605,Computer Science
b845bd9929fc410937698b1979f644632e3dcc9a,Computer Science
b845bd9929fc410937698b1979f644632e3dcc9a,Geography
bc91c76c09ea85e9b163f70a4440c3ffcab94c8f,Computer Science
bc91c76c09ea85e9b163f70a4440c3ffcab94c8f,Environmental Science
c2d45f71d470324fb8c741484e1fe736345e81b6,Environmental Science
c2d45f71d470324fb8c741484e1fe736345e81b6,Medicine
c51c7296c6d84ec2332be32bdb501ef9b4320139,Computer Science
d3853f272b2c795abf627f44256572f05326d782,Biology
d3853f272b2c795abf627f44256572f05326d782,Medicine
f3e4a432c42f4f5b9f1a8c38f8da41e7932f035e,Computer Science
023da8584112ee193a876247de6b1e8e45aea450,Engineering
5cd22d9f14fd1ee87e08293eb15909296ec40c5a,Environmental Science
5cd22d9f14fd1ee87e08293eb15909296ec40c5a,Computer Science
4526e1f4f413da483430eaf0636254d87dfd0983,Engineering
4526e1f4f413da483430eaf0636254d87dfd0983,Computer Science
928ac447b6ff35799f0320097a2e3b25d219b797,Chemistry
928ac447b6ff35799f0320097a2e3b25d219b797,Medicine
3a3e453d2e153448a0dde894a8dc3538d76a72cb,Chemistry
3a3e453d2e153448a0dde894a8dc3538d76a72cb,Medicine
4051af1946f1ecd7e657ce67f2dc4680d78d3ac4,Biology
619daaf108d3367e0a908907b2714971c8f61f4b,Computer Science
619daaf108d3367e0a908907b2714971c8f61f4b,Mathematics
d908d2010120499ee69dd778e50c237d590af046,Computer Science
11be47aaacbc6305a265b55ec358b7ad3c135f45,Medicine
11be47aaacbc6305a265b55ec358b7ad3c135f45,Biology
c829d9302f3cfc5ff2860ce585b7554c3cb400df,Computer Science
bf3ac4a3df7001f254a0f8536c98b477e79526e7,Geography
3569665f7de2ef39e356eeef9a00c4bc2124c09f,Engineering
37bf76271647b61458b7774a1322b3693673d7ec,Computer Science
3bb5f834d46f171175475842f826f0639d3ad846,Geography
3bb5f834d46f171175475842f826f0639d3ad846,Computer Science
5e57bc8380153b8db0db0877ea9a608e0fe90184,Engineering
40b971914e14080311e14e5ab073bdde761646dd,Medicine
40b971914e14080311e14e5ab073bdde761646dd,Business
5d6f577da0db52df028f9e90663df522887b7cd4,Political Science
8d12bff8448e39f24be67f95a65f6daf63cca7c5,Biology
ae8735942002337318a9e43927dfa2bce1972d32,Computer Science
b0fedfe2083019914701a5e868af7ae858dea9e5,Mathematics
b0fedfe2083019914701a5e868af7ae858dea9e5,Medicine
d35f70414a3433542b99ecb5f920f6631f5fe90f,Computer Science
13456ce9647d43a2bda32db8bd665e302c291ca5,Computer Science
2e8b6fa971c121a90bbea3a4f09fe3669f3acede,Computer Science
9eace7f585bec77f0713b7619abd6f7b040f0c20,Biology
9eace7f585bec77f0713b7619abd6f7b040f0c20,Medicine
109eea60af85345f5c35654ca0c09951c3632467,Computer Science
c01153c2d0e0927b1bd33e909b411ef4ed0082e6,Environmental Science
c01153c2d0e0927b1bd33e909b411ef4ed0082e6,Computer Science
d965a6aa2122dbe3475721bf0ccd373d3c67115c,Computer Science
d965a6aa2122dbe3475721bf0ccd373d3c67115c,Environmental Science
df480614882f23f40f8ef2e904be4d7ff7651b43,Environmental Science
df480614882f23f40f8ef2e904be4d7ff7651b43,Computer Science
8304e1f7d9b35b1b02fe6582760e3ca821dcdc8e,Engineering
a4fc5d2980cd791fd0f319013d2ed3124d526195,Engineering
cb157d24be4f4bbd20cd7496ad825fdb586c0640,Materials Science
cb157d24be4f4bbd20cd7496ad825fdb586c0640,Environmental Science
20e2c59f5f49ba624aaf43cbf96c11dc727ace7a,Chemistry
20e2c59f5f49ba624aaf43cbf96c11dc727ace7a,Medicine
48df9fd64d3bab84b0a334f90e3ee676184e873f,Environmental Science
a43a9a983f0cb07dd3bce587c2c0af10f76ac511,Computer Science
a43a9a983f0cb07dd3bce587c2c0af10f76ac511,Environmental Science
71782211e4d474ed19fb120b9a1518c854fb4570,Physics
71782211e4d474ed19fb120b9a1518c854fb4570,Geology
71782211e4d474ed19fb120b9a1518c854fb4570,Medicine
d12a947048e9b4ea02db57a34c410a4295e73496,Computer Science
d12a947048e9b4ea02db57a34c410a4295e73496,Medicine
047c65f8e90c70f983d962fa429b9879d402b5ac,Engineering
294859ad6d4f1c225fcd69b02b98a78a47e1c7f5,Geology
359c24bc9bb58ea6a5ad49247cd43957f8a3d9fd,Chemistry
359c24bc9bb58ea6a5ad49247cd43957f8a3d9fd,Medicine
57b95438eebccf306a10f9ac35744b6534661b06,Computer Science
57f201fe72b3eafaaa9c48788eacef82036b4a9f,Computer Science
72325911b582b3179d79ecb6d872181ac9f8157f,Engineering
f37be43982a65a5b3b637c99b215751e2ca706ba,Environmental Science
756b820ae3cd083f8f67e0b1cc59661a838cf8e3,Medicine
756b820ae3cd083f8f67e0b1cc59661a838cf8e3,Business
1b299a72dc126b46879bffd17ac1e8a65a0fabd2,Biology
1b299a72dc126b46879bffd17ac1e8a65a0fabd2,Medicine
db56ac2600279405f3bdbdaeab194be22b111e11,Engineering
db56ac2600279405f3bdbdaeab194be22b111e11,Geography
5c61143c825b82373e368e66ba16ff51df2bb455,Medicine
5c61143c825b82373e368e66ba16ff51df2bb455,Environmental Science
9073fdc970e0f8abdda5d9429ad7ef2d8f102763,Biology
852294db758eb5fab8a54bdf3aa3e91f01174acc,Medicine
852294db758eb5fab8a54bdf3aa3e91f01174acc,Chemistry
12bdfc6352b5d29b802237c3c55f6a6e527d7245,Computer Science
6b2bc19c453aaca0c56fa11fc9e08f5e974fc634,Computer Science
72c2a39bb3ecec58309d94e40644c6acaf9ec0da,Geography
72c2a39bb3ecec58309d94e40644c6acaf9ec0da,Medicine
a0ff3c28f79e157c84c9e242c18bf376f5bdf109,Computer Science
9fd37d6a834fc39c3961024e74a9e636aafe114f,Geology
d8b591cadb9fed9b4fa246974aa65eea8166383f,Materials Science
d8b591cadb9fed9b4fa246974aa65eea8166383f,Medicine
fef1d2545586500dc986b6e25f0a8c96fdd16a3f,Computer Science
9d227d29e1e8f09f0c9ba4264360b31d8f459b5f,Computer Science
58a09b1351ddb447e6abdede7233a4794d538155,Computer Science
602c17b4e5d484a1f4f6c20c4d02eaadda58aa3a,Computer Science
837933abefafbfa64b41bbbe8f4ba9bb1c7f40e0,Engineering
0242006dbf480b95a55b4a6bd1b0b8a347c88cde,Computer Science
0242006dbf480b95a55b4a6bd1b0b8a347c88cde,Environmental Science
3d8dc391adb5ddf4e59060537c439670c8519083,Geography
4908cc6686e69db25c7afcd2caeb630b4d27faab,Computer Science
ac9df17e97e1bc941b51525fa70961a453b3ff6a,Computer Science
3ec07056ed278a2c852b02606127defbb1f0331f,Engineering
835dfe785faec03f47ec0266fcc49715c396add0,Geography
8d9c73d0fdc4ffceb86909eca2418d9efd840323,Computer Science
cd5c6ef21355b24d2c8d64c15318a5ca89c3ffa7,Geography
f874576a1fda439187d778b9397f1bd69e39ffea,Engineering
de55b85668157b5dc59ed649191582e8304f76bd,Computer Science
1039cb9e70c2d9d34fc39298ceae7625d9394be3,Computer Science
1d99ae496db43081bab5c090407a0f852e57ee07,Environmental Science
6795234435fd43a528830d93d410e6cd22781fe1,Environmental Science
69ffb574b9caa59685fefead36909934abd2c949,Environmental Science
9c5627d8019cf4071a2385f7a775fa9f91db0e9d,Environmental Science
c462c93228b55e4d45a4933428756aa2f073f6b6,Computer Science
2dc04fa9bf4e0f929f8e9fc6ee5097606a93ee5b,Engineering
21dbbc0257202c6ba5e5f58d87a259d1a63b7602,Economics
2cc889ab2b39b61f81848078d3f791b263f7ddbf,Computer Science
46d4a9b35562618e00460b1fa409be88a01d1aa9,Engineering
46d4a9b35562618e00460b1fa409be88a01d1aa9,Computer Science
4fe5bf0b2b7ee1cf0058be7070d574a61f118803,Engineering
cb834f139b26946e3c416a59ee431c6a128919d9,Engineering
cb834f139b26946e3c416a59ee431c6a128919d9,Computer Science
db5e43f39b32eb377cbbaba301a343d30326539d,Engineering
db5e43f39b32eb377cbbaba301a343d30326539d,Medicine
db5e43f39b32eb377cbbaba301a343d30326539d,Computer Science
e37635ffc351418144db5ac3c61310d9cdae0c27,Engineering
d1174608ec55d2027739572061f29823c6cd6048,Medicine
d1174608ec55d2027739572061f29823c6cd6048,Chemistry
4c2fc88392fcbaff1d2d38f1347d3cc6ee069b4e,Computer Science
ae75d75aa3b8139d66b0ffd880c4016651bdbf80,Economics
b0f70d18a3611b6c61bd6f1e3771e01835a7d3dc,Engineering
9cb29ffcbd69cca7a5e1f9b9b2d79900e355ca21,Computer Science
acbb371d781a523c1b4019c9ad0218019ad5c023,Computer Science
4c1ad8610e966b8ef9167dce35d3e21ffc045734,Geography
4c1ad8610e966b8ef9167dce35d3e21ffc045734,Engineering
b22697902076b38ce9440e01d05753e30d2a9cbb,Environmental Science
b22697902076b38ce9440e01d05753e30d2a9cbb,Computer Science
d97da99092451837ceddbdd4a8905d7dc7a1b2f7,Computer Science
d97da99092451837ceddbdd4a8905d7dc7a1b2f7,Environmental Science
d97da99092451837ceddbdd4a8905d7dc7a1b2f7,Medicine
c3e39b65854aa6c442b0fdee4d6f3b746ef7b464,Environmental Science
599c538ea9d887a390bae2e9ba408df2f73d1cd0,Engineering
349fc1d2d6897b2c670e145c5906552b2698642e,Engineering
3fd223978d2b4dc7e0e35421630d40993ce3d70d,Engineering
3fd223978d2b4dc7e0e35421630d40993ce3d70d,Computer Science
4c8ef211ef95c3d66ac8fb808657cf99674d4e3d,Environmental Science
12823d3d5bffc565cc25f0d88c5f9c2b927a7e16,Environmental Science
1cf29718316c5cbe784fd29eaa11cd988d35659b,Computer Science
54bfa0262849175a85a0b5bcda25992c42d622f0,Medicine
eecc0f8c4232f2bd78bb6b36220f9c1c38d8ae87,Computer Science
eecc0f8c4232f2bd78bb6b36220f9c1c38d8ae87,Geology
2dba59d793288e446456fdd7bf63bd9b0ef52320,Engineering
9c828c0e4997a6815f3caeffa48eabf4bfad9659,Engineering
9c828c0e4997a6815f3caeffa48eabf4bfad9659,Environmental Science
58240587e6ea249af42e884e3c21206b2d9867a8,Computer Science
03e9a197a2803da5b9d2423dcf4ccdc37fb05cd2,Engineering
6b4b887606d2b22e414d2604196b4d0318dfb48a,Business
95fa6b68ca6669e29c0e965599d884d499063dc9,Biology
d392e3a35c905899e27e20d4acaaac0aab4ac07f,Biology
d392e3a35c905899e27e20d4acaaac0aab4ac07f,Medicine
04ed9765f2af6f7aba709ae65ae75f9fe26bc8be,Biology
1070505baa23a6fe92234ffd5c6dda7f13f55bd8,Computer Science
1dff9976fb4e0860290640da4f3ebd236f945f8e,Engineering
24b2b82ad64769b67d62802c1f223d546979a125,Computer Science
24b2b82ad64769b67d62802c1f223d546979a125,Medicine
24b2b82ad64769b67d62802c1f223d546979a125,Environmental Science
36fffffa06c7a581454562bc4eb55307f35f2348,Engineering
36fffffa06c7a581454562bc4eb55307f35f2348,Computer Science
81e98b3bfe24b317856417848628669aa666b6f4,Engineering
81e98b3bfe24b317856417848628669aa666b6f4,Computer Science
acf012a990b24bfd5dedca1fb0a91e221172f4a7,Computer Science
afd19328ce7d2e01a07b3d63fd9af172a443fc7e,Geography
3505447904364877605aabaa450c09568c8db1ec,Computer Science
3505447904364877605aabaa450c09568c8db1ec,Engineering
a4553b02c0301a90d35fb2112fa0ac0ac3bd7dd9,Mathematics
eff3f9475c874470267e038a6ce6a1f75773f922,Geography
1e753a601dc8e885d0b061abdf5beb3fbc99b6d3,Medicine
957479003c78a92e90b9bfeb3bd854dd40c698f3,Biology
957479003c78a92e90b9bfeb3bd854dd40c698f3,Geography
29caa39c1f12ebf38e8d55fff4b0e979c0b83d96,Environmental Science
29caa39c1f12ebf38e8d55fff4b0e979c0b83d96,Computer Science
611ce73c0b8da375d4046daddeeec52b8e806103,Environmental Science
06d42c1beed326c57dbe346c551f2441833d67d7,Chemistry
06d42c1beed326c57dbe346c551f2441833d67d7,Medicine
98c5a8e91712d44f68fe82448c0f3883a526ecaf,Business
98c5a8e91712d44f68fe82448c0f3883a526ecaf,Medicine
d6e0866c0fc891a7240dd5d85c18e3ffedda11a3,Engineering
b5fa25f48eb4c109e069ddd8e1ef89c060c86eb3,Medicine
b5fa25f48eb4c109e069ddd8e1ef89c060c86eb3,Biology
07cb8a2f759dec615984d0f870f5c643cd970e1d,Engineering
07cb8a2f759dec615984d0f870f5c643cd970e1d,Computer Science
24b65fcd3a00e6da84571c009740badb15893ec9,Engineering
69672a08049ea8cf6e94a944e363250e5b529341,Environmental Science
907cf4e178243abb28100f82b882d4e92602a18e,Computer Science
907cf4e178243abb28100f82b882d4e92602a18e,Medicine
bdfce71eef5b463efa52ab193a78ca26b7a2df0c,Computer Science
00caccb574efbb58f56a6fbbc5b45dd6e93e9a60,Geography
00caccb574efbb58f56a6fbbc5b45dd6e93e9a60,Computer Science
80bbae94590ef9fa240eaf929a2e2f607b2023ab,Computer Science
afa079330e1870836f1e5799eb5cac2a8e2b151f,Chemistry
afa079330e1870836f1e5799eb5cac2a8e2b151f,Medicine
76858c737d4ac43c496cffca2118a5ed8a5d5f50,Computer Science
f960c6c38093537f896dd2475da88b059f9d24fc,Mathematics
f960c6c38093537f896dd2475da88b059f9d24fc,Computer Science
7986bc29a0ccf8fb64379cce769a38c9cc7a6922,Political Science
9cb0bc11168a42334deaaacb240957c4221f01e7,Chemistry
9cb0bc11168a42334deaaacb240957c4221f01e7,Medicine
d0f164241dd4186678a3cb3836ef1c3d8f920e06,Computer Science
7a798b9c1a3a8b02c404a2b96f81f85ec533ae71,Engineering
dc63b195b9dbb29ec0902c3252301de943211e58,Biology
2f9eaf340f458092b49c84283b38257956c650ab,Computer Science
68df15e88d5b4fe0ba894570fe2eae17e92eff00,Environmental Science
7db7c555dfe78fa6f626a9f78faf7147a9c7091c,Biology
7db7c555dfe78fa6f626a9f78faf7147a9c7091c,Medicine
8defbf7ea09e1ac3ee6ef736f7c266c34c20a41d,Medicine
a8075630cbec313aff3d389b92ab8730f374411f,Engineering
a8075630cbec313aff3d389b92ab8730f374411f,Computer Science
ab50d36d55dfa88f26c7733125198f5c6212a0fd,Computer Science
bece306f1a73388ebaec045d7287fa72a47e22bf,Engineering
bece306f1a73388ebaec045d7287fa72a47e22bf,Computer Science
de272d10c96f0912bcfe1625c4e7df4d95ea1f17,Engineering
de272d10c96f0912bcfe1625c4e7df4d95ea1f17,Medicine
de272d10c96f0912bcfe1625c4e7df4d95ea1f17,Computer Science
f21bcae46ca5bf40dd79af80817901fe1c483af3,Computer Science
f21bcae46ca5bf40dd79af80817901fe1c483af3,Medicine
6d5335bf3c891d094a65941559b8c6fc1c5ed1c6,Geography
865bd8e2230abe300a8e34b15c4eb0f5a00a6421,Mathematics
865bd8e2230abe300a8e34b15c4eb0f5a00a6421,Computer Science
330311409e5e655af96bcff8dfff2b0871c82159,Biology
8c8c339bbc4f6c0b9d95d5c501498949fc43ee1f,Medicine
8c8c339bbc4f6c0b9d95d5c501498949fc43ee1f,Environmental Science
8495af9f2c6cc66327ddc60ed134772e4d4f9cf4,Engineering
8495af9f2c6cc66327ddc60ed134772e4d4f9cf4,Computer Science
e353f3a2f68f7d1c7e49df0e7b49c78f54cccb7f,Computer Science
e353f3a2f68f7d1c7e49df0e7b49c78f54cccb7f,Engineering
11c767773f2c0c46b1035b8392434dffc35f5a10,Computer Science
1522f3e3811a5987ec8922fd4e8ee164a09fba26,Computer Science
1a00752912e2971c99daaec25ef49d88f8489d83,Computer Science
50521719dc4b1c0b67a8b4fc12a3cdb19c339c8d,Computer Science
50521719dc4b1c0b67a8b4fc12a3cdb19c339c8d,Medicine
83f8a4d8ca6cbba1dc46d221c408532bd3f6401f,Computer Science
a7e633e155898cf4e5ecf307d96ba4b9ee891f67,Computer Science
dc7de2aa3ea2d5aa9750bd30946f3d7ac3285453,Computer Science
73adbf2847e6ac495caef07420eb9408d203d577,Mathematics
2201bf116d9bf70af243b4effd51c2067741ee29,Computer Science
c70bbb79c75c65ab59e09c4c984777d7ebadf21f,Computer Science
72c013a2dee8b2729137405ffacfd63b8a017b8c,Engineering
a69294512eed2212489127120605f20b32148a42,Environmental Science
a69294512eed2212489127120605f20b32148a42,Medicine
0420451abf6d97764c49e0cf542d4891b16c81b9,Geography
3bdc279ece1ab0a3155f9e1a2c1bb9b92e3c85a9,Computer Science
478d00d4c4e721ac552e82e8da89065c88b668ae,Medicine
478d00d4c4e721ac552e82e8da89065c88b668ae,Chemistry
edd5789f463e6261c872f71927604c55b206240a,Environmental Science
7b2e28bec2b8a2708103865524a4a19b957e3b91,Geology
7b2e28bec2b8a2708103865524a4a19b957e3b91,Computer Science
fbf0fc5b6f45383bd2ba8368fd4d8003d865ca77,Computer Science
76f109fccce21fa5958f285e3c3c58796b5d79e1,Computer Science
4220868688ecf6d252d17f6d784923d0c5f66366,Computer Science
a4bbf5b543c93580512ef8b29b09de8a113dcf16,Computer Science
dc63ca4885308780df84b43d084a250d396f12ad,Computer Science
60caff98d7395e474e74dbe8571d923bd92533a8,Environmental Science
1e3fc76bc96ecd74e7475f355feb73923bd3b8c5,Medicine
1e3fc76bc96ecd74e7475f355feb73923bd3b8c5,Chemistry
15c9b71c1dba346741268872e90ed1899b0c1d4c,Sociology
23459042fc97b325975db450be6989fea014b0be,Environmental Science
2655c768c1e6b11104dce3902ae27e70ab2a6846,Environmental Science
4d9c6616ab659b542b865154cde95aa46dcd2fe0,Computer Science
61f354eac5774be3154ee9ea27052948f550a610,Economics
61f354eac5774be3154ee9ea27052948f550a610,Medicine
93b3b7a19a54a3a405edcd8bc1e14dfae3849d3c,Computer Science
93b3b7a19a54a3a405edcd8bc1e14dfae3849d3c,Engineering
93b3b7a19a54a3a405edcd8bc1e14dfae3849d3c,Medicine
dcb7430a19b9128900f91dd21bc879d4a49eaeb3,Geology
73288675f0fe0b56e8ceeb0fc0abbd03da17c288,Computer Science
73288675f0fe0b56e8ceeb0fc0abbd03da17c288,Engineering
e0d6a01f6faa3bf3bcf2b2accff45c73e50a390d,Economics
c9d5a7bbb14e415bc701c6899dd525a39178089c,Chemistry
c9d5a7bbb14e415bc701c6899dd525a39178089c,Medicine
5c94cc57728ce0383f58cba5d82a15e0c3c4030f,Environmental Science
5c94cc57728ce0383f58cba5d82a15e0c3c4030f,Computer Science
08f609db494347366f69ddb8719cbce99f3c539b,Computer Science
f5e3c24cb62175f444f38adb2a44a379b4e7e0d9,Computer Science
3c35ac861445ef82720b204bfe1545d206a19fdb,Mathematics
16f23f7685f9c194a6cbb45bc6a459fdcf32137c,Geography
25755d00f59526cf56ffb90614dab61bf8715c8d,Engineering
28cc80aac89e087134c476f94d664b59225c3fdb,Computer Science
28cc80aac89e087134c476f94d664b59225c3fdb,Engineering
28cc80aac89e087134c476f94d664b59225c3fdb,Geography
9935e355caf1f39fe98d032eb3508f86c669151f,Engineering
9935e355caf1f39fe98d032eb3508f86c669151f,Computer Science
c4dc85d116ac2942cad7bd8c46609e71187bce69,Biology
c4dc85d116ac2942cad7bd8c46609e71187bce69,Medicine
c84029d6e6a8393b7f3d86acee5025b4feff5148,Computer Science
174485ab855ee59a3ec5c5e2cf790287c3b070b3,Engineering
5b3bd08b73d5e32f67ec9e49ab1184d48d38b2d1,Chemistry
5b3bd08b73d5e32f67ec9e49ab1184d48d38b2d1,Medicine
8c55c901c540a88f10d2746c5224ce7a1cf7cce3,Computer Science
cae4cf5073fb24d29ae857a3e214ef5f86c1a343,Medicine
cae4cf5073fb24d29ae857a3e214ef5f86c1a343,Chemistry
ced75013efe4edefbe0629241f08213c1d91d97e,Geography
e1462de257ee0b4ca0aa6559025c9a78e2298d33,Business
04fc41a69e306866bfd9b8756306eab6a753c039,Engineering
ab88cfea78f88bffd691b547f19d22dab213b83b,Computer Science
fff136ed7248c663c076067ea1cf39e0ba40c7e9,Computer Science
887a56489a85228169247aeeab277ef15d37290b,Biology
367db64b2758974fb94521ef66531a4da68509b8,Engineering
e39285ad542efe56dc388eb4c47e6984b61a27f0,Computer Science
bd5ebc8cda54666096b0e361eb282c7cb4d730f3,Environmental Science
bd5ebc8cda54666096b0e361eb282c7cb4d730f3,Medicine
29fd26be45af944adad9fb6e757967c46d0a40a7,Computer Science
ae3233d0fed9471de1efa283cd385e0dc8f3eba1,Engineering
78e2c375e3ae12d335ffe160577332de86726358,Computer Science
78e2c375e3ae12d335ffe160577332de86726358,Mathematics
7faee2e48f88296c99f4212642a1efcaae8ebfa5,Engineering
7faee2e48f88296c99f4212642a1efcaae8ebfa5,Computer Science
a29657571a858ba3a96865f370c36b6240ef31a3,Environmental Science
a29657571a858ba3a96865f370c36b6240ef31a3,Computer Science
1e94aa39f0356a33638fa5dca67150ea6a6b54ef,Engineering
5eb93ce8488f7e8445ef54fa72fd907bae6d9c92,Computer Science
5eb93ce8488f7e8445ef54fa72fd907bae6d9c92,Environmental Science
ab7839c2a4bcc4c8d872ed38694de6ac9a0bb9b0,Environmental Science
ab7839c2a4bcc4c8d872ed38694de6ac9a0bb9b0,Computer Science
2b1cdea49f87236a97031fe6e3a79c59570ad0c4,Environmental Science
2b1cdea49f87236a97031fe6e3a79c59570ad0c4,Medicine
9eabcc91fe9f85bb642c05a3f8b06f70c184a98b,Computer Science
7cee3de7c28d6d95bea9b27322f01fb50952af37,Biology
7cee3de7c28d6d95bea9b27322f01fb50952af37,Medicine
011121b74f5f63c96e51ad786be642a9b52bec0e,Computer Science
2a3c26a1b5a0d1fa9299ea8f12283e68f1fabf1b,Biology
2a3c26a1b5a0d1fa9299ea8f12283e68f1fabf1b,Medicine
48e23d33b46b3244fff8a4a250098257a61b3dff,Environmental Science
48e23d33b46b3244fff8a4a250098257a61b3dff,Medicine
7c2fd573ab6a254193dc9365d5b204bac645e19f,Engineering
b2dfc413aeb465e45b3b2ac05f1ad835fc9ca8d5,Computer Science
ba72fd6fdfc4ed546f014ad26aabe62628281099,Engineering
ba72fd6fdfc4ed546f014ad26aabe62628281099,Computer Science
ba72fd6fdfc4ed546f014ad26aabe62628281099,Medicine
d45988297b1c7290c1006c698baa46ea68954655,Chemistry
d45988297b1c7290c1006c698baa46ea68954655,Medicine
d45988297b1c7290c1006c698baa46ea68954655,Computer Science
19582c7f4bae084f17b212b96ef695dc7039d375,Engineering
19582c7f4bae084f17b212b96ef695dc7039d375,Computer Science
531116340dbfc2601bd409a9fb4802ba9dd43648,Business
85f35fde04c9be60826f08b97c58947e16dd3fb5,Computer Science
ed1fb973b89ad8b39ddc73d5bd5c8c6b880d3507,Biology
14949a73f167de08473c1f68ef9419cab475a1ca,Computer Science
2cde8a4738315dff21502270068c6aea9e4fdb10,Mathematics
3ba075483c16fc45d810c3a601513ce2fa09e30d,Computer Science
54a6023c2f7be17c7d18a920b4ab119fc0c1f46b,Computer Science
6ec2d8bfc4815ac8b2b0e795331392c8255031df,Computer Science
8bfb654f59278b8866e1142e4204c9adca7891c4,Computer Science
8cc045934941c3939cb85803c10175c3b6f13dca,Environmental Science
fd98112cda63839de8ee85d79abeed7b76e6f226,Environmental Science
35759a055ce7fc775849adaf66e9a578da3f01fa,Computer Science
35759a055ce7fc775849adaf66e9a578da3f01fa,Geography
5c27127304f5c14131dd5163f7b73730270d7001,Geography
226bdfe722b5ca04f5b54b666256b68d87a0d4c2,Medicine
226bdfe722b5ca04f5b54b666256b68d87a0d4c2,Chemistry
0f89e007d102fc3bc91994baef334d2da8b51381,Computer Science
52e94a7385c6288dfe482e3b62347e09fe126066,Environmental Science
52e94a7385c6288dfe482e3b62347e09fe126066,Computer Science
8b5ae3a8122ed719ef82ee6d79c80d9ecbef2c5b,Computer Science
c1c8e5bcc12db073219730b326bca9b8b1a114e8,Computer Science
ca75c55c426083bc6f6b0f044ee2e463cead1448,Computer Science
f3195f24b009ce8afad531e9920200cc93a5fd17,Environmental Science
f3195f24b009ce8afad531e9920200cc93a5fd17,Computer Science
4cc8abac8a8c3e1e551321bfd5cd4f9af6c9151d,Business
1b3cb2c0e672006c663660a472ef9389d41a7dbc,Computer Science
1b3cb2c0e672006c663660a472ef9389d41a7dbc,Medicine
266b89547bf1e5cadc93d470083d48d4c75f9ea3,Business
40802cc758de00a9815fb23ddef4c43c1338a031,Computer Science
40802cc758de00a9815fb23ddef4c43c1338a031,Engineering
77ae97ae51abc9691c8c203519ecf9f8754a14c9,Mathematics
77ae97ae51abc9691c8c203519ecf9f8754a14c9,Medicine
bab348927c667a0f97b7975f99fad38238f75ef7,Engineering
bab348927c667a0f97b7975f99fad38238f75ef7,Computer Science
d7bc25de9a508773dc310e78c412f592e349eefa,Mathematics
045b87272bdf0f20faf0c1231c36d924f012b9af,Medicine
045b87272bdf0f20faf0c1231c36d924f012b9af,Chemistry
6a525e4bc033eb875881b75de3a1aece8860e4f0,Geography
c97253dbefb23c5fdee3688290e33f54c8bbc984,Computer Science
f617de7ab44aa130e7e6c1be0adbba7bca6ff3d2,Environmental Science
27ea2e38588ad5a6add0be3ac3e50803a27a1314,Computer Science
27ea2e38588ad5a6add0be3ac3e50803a27a1314,Geography
3e718ab08b6edec298a0282b3931384b37c2172b,Medicine
3e718ab08b6edec298a0282b3931384b37c2172b,Chemistry
9dca4e246c46b21beaf03725ed6e199efa37e839,Computer Science
8465a53980233fe7e79f70147e9241d8937f7d10,Computer Science
2048db50f50e27cc36f65deb566e911c94890e70,Computer Science
aeffe79b4d1b7f519c85fd7388b5d17d27f3e195,Chemistry
aeffe79b4d1b7f519c85fd7388b5d17d27f3e195,Medicine
081454123e17e8f0eaf1caae25390be180feabad,Chemistry
081454123e17e8f0eaf1caae25390be180feabad,Medicine
108d92ce53a9ab1ae039872003c431b7e7b3a97e,Environmental Science
759a228d3c0662160d4209d75e140ad6ecf6a4da,Chemistry
759a228d3c0662160d4209d75e140ad6ecf6a4da,Medicine
774fe2c519dcc5ea9a3e4e8609ffb237fb68aa48,Computer Science
b07219fa6cdd67f27ede8c7234d5cbb28edb87ee,Chemistry
b07219fa6cdd67f27ede8c7234d5cbb28edb87ee,Medicine
cfd8f6e5343b3422870ac8b2ce83aeaf5bac2ee5,Environmental Science
e06ab9c6e89d9535a933edce597ad6cbdfab7198,Computer Science
e06ab9c6e89d9535a933edce597ad6cbdfab7198,Engineering
d9a63b0a40dfe869637fec5f9cc4daee1eefda4a,Business
b7675d930e31da1fb78e2bf20ae1cbeec83491fa,Geography
a9ebf215b5523ef8f7add002913d716d2ef354b1,Geology
b7504d39bf88a782fa9e8a9244b5fa4217ad2edd,Geology
d603ca89efa7651b41065f6bdea2870d6f66f93c,Geology
f4a9d1778ee4309ecc118f903b2a98ec9a3c8313,Geology
1756934bbb4c52d0fd3bfaff9ac1ad5999f61da3,Political Science
e54d7efacd957294d2234050813aece32e4b3347,Environmental Science
e54d7efacd957294d2234050813aece32e4b3347,Computer Science
6cd994a2ee1d57858045eb798bf1f55b6ef14abb,Computer Science
f3777610b5088ce1cbc5f110f6f359230839064b,Engineering
f3777610b5088ce1cbc5f110f6f359230839064b,Computer Science
a611e4c7a4d985c444a8d91ffc1ae6d0bb7114dc,Biology
a611e4c7a4d985c444a8d91ffc1ae6d0bb7114dc,Medicine
0cb71d3168b357b7e0761a38e6735268d41a3e6e,Computer Science
0dd060cc928c9564a41f553db035dfffb582f60d,Computer Science
196632ba37679b7634a11080ea84091b5bd1d211,Computer Science
196632ba37679b7634a11080ea84091b5bd1d211,Materials Science
9062ff97372a568a1fb52194a22e9b9fcc85ed2e,Computer Science
9eab346dc119c386b33876c8d44da3473dce50d9,Computer Science
9eab346dc119c386b33876c8d44da3473dce50d9,Mathematics
b4884d105cba88a92e72450c502c8d7d0674e93f,Computer Science
b62fbc00dd26be63753f584678908dc321db52ee,Computer Science
d621bc46bab6e4da6ce648a4854dbc3953178e66,Computer Science
dc0ae9a824844b9d0a3f05028aa2f9b166e5b63b,Computer Science
fb62d028e990d7a94250a7e9aa9537ea63e26e4e,Environmental Science
fb62d028e990d7a94250a7e9aa9537ea63e26e4e,Computer Science
d5018bb186da70e01489bcf5734b1adab99e779b,Environmental Science
d5018bb186da70e01489bcf5734b1adab99e779b,Computer Science
3234bff02741ccb0e838019dc61e1d86e5b21e12,Engineering
711e775aba66fcdf4e156593cb2001dc0af25973,Geography
77c937da1bd5f6f07b190f1a485af5066767b460,Computer Science
97939086f41797cad0f942ab859e2b5541e53367,Computer Science
9eccc41469bf32c5a9ed757fc92793d41e53aa37,Computer Science
ab28ab3a1b1a1df059c43b1864b91b4e00d19762,Computer Science
8dfe8ab5c7ba21a6d91c8cf24eceb4e0624461cb,Business
f965fd47a4b98ec9064af9d968743492432342bf,Computer Science
f965fd47a4b98ec9064af9d968743492432342bf,Mathematics
9fdcb8ce80d891e2c0c978bd215d9cb7987e4624,Computer Science
6021212cf49b7bbcf99069f13f0d95fe5ab5c720,Engineering
c02b06fd852e9e5f17c5124fb05c5bd223e88ec8,Computer Science
6cf94b75addceb6e11abfd34ea1081a8cac6cffa,Computer Science
c3dbd612783cab90f7be89ec520e1b520b65ff98,Environmental Science
093f5f33ad8b9c0a3742d7b181ee60e4ecff55c9,Biology
093f5f33ad8b9c0a3742d7b181ee60e4ecff55c9,Medicine
cf9568a056aeb86889654c800a05ebdf5e2648c1,Medicine
cf9568a056aeb86889654c800a05ebdf5e2648c1,Philosophy
cf9568a056aeb86889654c800a05ebdf5e2648c1,Biology
136ffdd814e9dedc7a240da86ddd8755071bc5d4,Computer Science
20ab5dd49c7d624f3215d1576a75af26a097ffb9,Geography
5de2885c554d39010430ea32b2f678f680a55644,Engineering
5de2885c554d39010430ea32b2f678f680a55644,Computer Science
5de2885c554d39010430ea32b2f678f680a55644,Medicine
ca37d3de59e301470052aa8c486666516b90466e,Medicine
ca37d3de59e301470052aa8c486666516b90466e,Chemistry
e0027d4a2bf44d2fa448066d0be7d371399e2da6,Computer Science
f099d315352830573e1a6ac0930cd6d0562f1a59,Computer Science
aafd3fab5059bee3c3ad213df52512763e5156e5,Environmental Science
5b53bf8f5cc08fe74b2396b56301ce708112f89e,Computer Science
15b67b909c51fce837925e44c4651ca1ed8c4824,Computer Science
15b67b909c51fce837925e44c4651ca1ed8c4824,Engineering
6b87ef7db3707fc6ed6692d27d8fc36efd3a2d59,Computer Science
0a15f0c04478befeb612e85c30301c8b70d169c3,Political Science
b9ca81ed55556cdf00a1d7e28775ef12e205dd2e,Computer Science
628904df59970e817fa09ebe11f4d5df1ed53a8d,Mathematics
6837c92ae18629e6a550ad0c63b61ebcc3e10bef,Engineering
6837c92ae18629e6a550ad0c63b61ebcc3e10bef,Computer Science
3e848c395cd4d3f243212871e9721a3670918150,Mathematics
3e848c395cd4d3f243212871e9721a3670918150,Medicine
8cc1ab1a26e262f3687d9330556263a36f57bb53,Computer Science
dbd5680b05443589121dfef3f094abd3e2b2d10a,Computer Science
dbd5680b05443589121dfef3f094abd3e2b2d10a,Engineering
0a10c822d477fca9cb4baab5d1f8fc601c80261b,Computer Science
0a10c822d477fca9cb4baab5d1f8fc601c80261b,Engineering
18923067f8eb2a3b10ac306027f27f226d9167f6,Computer Science
2b498ff7f71d13a7efd160bd7908b423af5cfddd,Computer Science
2ec033996addc6a52b00951319b094ee5c7f9bbc,Computer Science
62251f364d8bb7d1a01fa8a2dca4e29024326b51,Economics
751d2fedb00ec601827c4f46a2ee0c212e7e9c2e,Engineering
78fb4989b61ce8ff9bcd504416c89336acbf8d84,Materials Science
78fb4989b61ce8ff9bcd504416c89336acbf8d84,Medicine
a7eb65fa2379b62cdb434f2f15e32fdb335ef948,Computer Science
a994d9c71e3536d1d9c576429c8792d6461df365,Computer Science
b23a24ed85313c9da0855d1c22ddcc86fb7a0aac,Economics
bf6f3bf8611caf227ac9cfac3694fb468184171c,Computer Science
bf6f3bf8611caf227ac9cfac3694fb468184171c,Medicine
bf6f3bf8611caf227ac9cfac3694fb468184171c,Engineering
c79486948ddc60057e76c87e12ed1cad0f49bead,Geography
c79486948ddc60057e76c87e12ed1cad0f49bead,Computer Science
e1367035e263ee614a63f8669877aee9fe277158,Computer Science
fe5a8f57d0911f9026b6cc2479006cf0f369df27,Engineering
5db440f3f49819b96adb6fd1f8686517dae33098,Environmental Science
845b8f8bfacfdc9b908690618a097e1f334e39ba,Engineering
b641211f583230ff8d8b6912f8726a3b976732c6,Engineering
b641211f583230ff8d8b6912f8726a3b976732c6,Computer Science
fcc0a04358e59248c5ecdfa1b7df67bb30715358,Engineering
e407abf22e1b8372a9cb1f2a8bf1b6f1ce8ff896,Computer Science
de075fb3768dfa4c56b465b2fe9a0d2a12b90447,Computer Science
5f31d7512d7819da83e84abbc555d71ac36c57f2,Computer Science
5f31d7512d7819da83e84abbc555d71ac36c57f2,Geology
e448ba920d5876f66fc5cea88b56d5a0d555b6f3,Environmental Science
527fa1877bc8ce337d60cf8f4c0c5685902bd89b,Computer Science
527fa1877bc8ce337d60cf8f4c0c5685902bd89b,Geography
cb8b64ab1b2df7bb0f1d1b397a6fe6725183fd08,Computer Science
85b8033cf782110c287a4443c23d2f42f595795d,Biology
85b8033cf782110c287a4443c23d2f42f595795d,Medicine
87605d0ff3b58844e1964a41f5fa282de9c69ad7,Medicine
87605d0ff3b58844e1964a41f5fa282de9c69ad7,Engineering
87605d0ff3b58844e1964a41f5fa282de9c69ad7,Computer Science
bb128ade071c9279f0b1d94e0ff9209496d4e120,Medicine
bb128ade071c9279f0b1d94e0ff9209496d4e120,Computer Science
3d88abcdb95d7dc3f5aa50d663ddb23c9097b4bf,Geography
1fc22d9f5c6ddd66d1039a3f503059027d893fbd,Business
fcdae95d2d3b3e9b4f42656e3e30950c3ce860b4,Computer Science
551fefb7f2ebc6836cd2d5797704bbc6c422069e,Biology
551fefb7f2ebc6836cd2d5797704bbc6c422069e,Medicine
60d4e037aae288f0683d43d9ab22366db2141fc8,Geography
8fc8a385a250fc68d33a36b876fc2e0ce645bb18,Environmental Science
8fc8a385a250fc68d33a36b876fc2e0ce645bb18,Medicine
45130402ca2e5d51db09de9612d20047f22db08f,Computer Science
45130402ca2e5d51db09de9612d20047f22db08f,Engineering
45130402ca2e5d51db09de9612d20047f22db08f,Medicine
666137eb23a5c4a19b3ab56b181d027d60e2351a,Biology
666137eb23a5c4a19b3ab56b181d027d60e2351a,Medicine
9631181da28866cce98d6c609a8fe9d7e957c9f1,Computer Science
9fc9c3f86434d13ef60c1f1feb32e4abf9b7bdcb,Computer Science
9fc9c3f86434d13ef60c1f1feb32e4abf9b7bdcb,Engineering
6b256a89d870aef18217eb92bbacfba09b77d43c,Computer Science
f22e5059bbb1cecb30665f8c60369c3e6b20b130,Computer Science
f22e5059bbb1cecb30665f8c60369c3e6b20b130,Medicine
c34a0d08e33a5b99c451193d6e30a39587ffc09e,Biology
c34a0d08e33a5b99c451193d6e30a39587ffc09e,Medicine
fae55d035bd11ec4549f1a2b5eb65fcb50c3736f,Environmental Science
fae55d035bd11ec4549f1a2b5eb65fcb50c3736f,Medicine
e2787339e0dc2add5f661e503bfb108edea07057,Computer Science
7d725caa0683c6f925b6d304c64e5fec22b86826,Engineering
7d725caa0683c6f925b6d304c64e5fec22b86826,Computer Science
